,shift,slide,rise,tilt,roll,twist
shift,1.61774,-0.142336,0.226131,3.1e-05,0.014816,0.030693
slide,-0.142336,3.704976,0.757967,0.027999,-0.006397,-0.157956
rise,0.226131,0.757967,8.97733,-0.249746,-0.237205,-0.20747
tilt,3.1e-05,0.027999,-0.249746,0.032278,0.001587,0.001477
roll,0.014816,-0.006397,-0.237205,0.001587,0.02158,0.007767
twist,0.030693,-0.157956,-0.20747,0.001477,0.007767,0.059418
avg,-0.038418,-1.511896,3.315207,-1.097679,9.52416,28.759749
