,shift,slide,rise,tilt,roll,twist
shift,1.465502,-0.085484,0.408198,0.010927,0.006717,0.030457
slide,-0.085484,3.605488,0.960642,0.014846,-0.001176,-0.176495
rise,0.408198,0.960642,9.808262,-0.267693,-0.22671,-0.239748
tilt,0.010927,0.014846,-0.267693,0.031887,0.002041,0.00385
roll,0.006717,-0.001176,-0.22671,0.002041,0.022184,0.008144
twist,0.030457,-0.176495,-0.239748,0.00385,0.008144,0.062578
avg,-0.062533,-1.493952,3.173633,-0.977516,7.919619,28.334492
