,shift,slide,rise,tilt,roll,twist
shift,1.560641,-0.065122,0.203008,0.004481,0.019724,0.035838
slide,-0.065122,4.124055,1.029084,0.032434,0.003535,-0.187989
rise,0.203008,1.029084,9.945684,-0.254237,-0.214176,-0.183338
tilt,0.004481,0.032434,-0.254237,0.034354,0.001586,0.000661
roll,0.019724,0.003535,-0.214176,0.001586,0.021517,0.005446
twist,0.035838,-0.187989,-0.183338,0.000661,0.005446,0.055701
avg,-0.025638,-1.491584,3.197054,-1.80897,7.716385,28.82095
