,shift,slide,rise,roll,twist,tilt
shift,2.655236,0.910204,1.025573,0.013866,0.033717,-0.070357
slide,0.910204,4.384812,1.31962,-0.028075,-0.276986,0.03864
rise,1.025573,1.31962,9.919648,-0.049514,-0.160793,-0.246115
roll,0.013866,-0.028075,-0.049514,0.026423,0.005389,0.000596
twist,0.033717,-0.276986,-0.160793,0.005389,0.057952,0.00407
tilt,-0.070357,0.03864,-0.246115,0.000596,0.00407,0.048229
avg,-0.275271,-0.483534,3.377695,-2.350123,0.232419,37.681406
