,shift,slide,rise,tilt,roll,twist
shift,1.370121,-0.075251,0.236198,0.002464,0.006918,0.028573
slide,-0.075251,3.416406,0.871965,0.007277,-0.010046,-0.154775
rise,0.236198,0.871965,8.455163,-0.240799,-0.227964,-0.223837
tilt,0.002464,0.007277,-0.240799,0.029753,0.001947,0.003143
roll,0.006918,-0.010046,-0.227964,0.001947,0.021808,0.008401
twist,0.028573,-0.154775,-0.223837,0.003143,0.008401,0.055604
avg,-0.044783,-1.514667,3.337921,-0.268768,10.195746,28.631896
