,shift,slide,rise,tilt,roll,twist
shift,1.260656,0.070092,-0.204453,-0.010158,0.001174,0.007283
slide,0.070092,2.992928,2.82021,-0.034803,-0.072903,-0.177512
rise,-0.204453,2.82021,12.332727,0.010433,-0.206139,-0.227016
tilt,-0.010158,-0.034803,0.010433,0.031098,0.003683,0.000672
roll,0.001174,-0.072903,-0.206139,0.003683,0.024695,0.005477
twist,0.007283,-0.177512,-0.227016,0.000672,0.005477,0.056522
avg,-0.226211,-1.615994,3.2261,-0.515129,6.900076,28.589659
