,shift,slide,rise,tilt,roll,twist
shift,1.250078,0.102048,-0.081179,-0.017107,0.001609,-0.00429
slide,0.102048,2.953183,2.586222,-0.03712,-0.075379,-0.187274
rise,-0.081179,2.586222,11.911297,0.007575,-0.202247,-0.230786
tilt,-0.017107,-0.03712,0.007575,0.031338,0.003629,0.002247
roll,0.001609,-0.075379,-0.202247,0.003629,0.024884,0.005158
twist,-0.00429,-0.187274,-0.230786,0.002247,0.005158,0.054962
avg,-0.038093,-1.684,3.270778,-0.712206,7.098641,28.686128
