,shift,slide,rise,roll,twist,tilt
shift,1.818482,0.370087,0.368704,0.001867,0.040129,-0.063863
slide,0.370087,4.323808,3.046325,0.061161,-0.210677,-0.004123
rise,0.368704,3.046325,10.762884,0.087606,-0.204,0.032461
roll,0.001867,0.061161,0.087606,0.029176,0.003713,0.005383
twist,0.040129,-0.210677,-0.204,0.003713,0.057361,0.00499
tilt,-0.063863,-0.004123,0.032461,0.005383,0.00499,0.048188
avg,-0.017749,-0.860108,3.494878,-1.890534,-1.185419,34.610372
