,shift,slide,rise,tilt,roll,twist
shift,1.238151,0.122152,-0.09841,-0.012186,-0.004269,-0.002313
slide,0.122152,2.979391,2.808524,-0.032787,-0.063717,-0.185204
rise,-0.09841,2.808524,12.306627,0.02491,-0.197407,-0.255312
tilt,-0.012186,-0.032787,0.02491,0.029857,0.002848,0.00151
roll,-0.004269,-0.063717,-0.197407,0.002848,0.025477,0.00596
twist,-0.002313,-0.185204,-0.255312,0.00151,0.00596,0.0553
avg,-0.125985,-1.700211,3.255643,-0.866656,6.484891,28.951867
