,shift,slide,rise,tilt,roll,twist
shift,1.499686,-0.234654,0.074599,-0.032882,0.000921,0.037674
slide,-0.234654,4.405638,0.888565,0.030199,-0.029934,-0.196377
rise,0.074599,0.888565,9.171717,-0.252418,-0.199458,-0.1913
tilt,-0.032882,0.030199,-0.252418,0.037272,0.001343,0.000768
roll,0.000921,-0.029934,-0.199458,0.001343,0.02195,0.002729
twist,0.037674,-0.196377,-0.1913,0.000768,0.002729,0.056288
avg,-0.043572,-1.655449,3.317962,-1.355452,8.810995,29.62373
