,shift,slide,rise,tilt,roll,twist
shift,1.542092,-0.152814,0.115978,-0.037046,0.002278,0.028926
slide,-0.152814,4.356507,1.029626,0.016271,-0.020281,-0.184125
rise,0.115978,1.029626,9.506865,-0.237076,-0.189766,-0.232342
tilt,-0.037046,0.016271,-0.237076,0.035913,0.002048,0.004051
roll,0.002278,-0.020281,-0.189766,0.002048,0.022646,0.004449
twist,0.028926,-0.184125,-0.232342,0.004051,0.004449,0.050369
avg,-0.15993,-1.709967,3.274255,-1.642722,8.109825,29.808085
