,shift,slide,rise,tilt,roll,twist
shift,1.531268,-0.25753,-0.046988,-0.035554,0.006185,0.035697
slide,-0.25753,4.896318,1.242546,0.026353,-0.014465,-0.196655
rise,-0.046988,1.242546,9.53893,-0.242781,-0.173676,-0.202229
tilt,-0.035554,0.026353,-0.242781,0.037596,0.002373,0.002675
roll,0.006185,-0.014465,-0.173676,0.002373,0.022459,0.001964
twist,0.035697,-0.196655,-0.202229,0.002675,0.001964,0.054373
avg,-0.176677,-1.689021,3.315695,-0.885757,8.300401,29.586204
