,shift,slide,rise,roll,twist,tilt
shift,2.507495,0.365066,0.506056,0.030029,0.07861,-0.066071
slide,0.365066,3.562417,1.344583,-0.05833,-0.189933,0.041783
rise,0.506056,1.344583,7.759609,-0.052666,-0.098404,-0.144533
roll,0.030029,-0.05833,-0.052666,0.025344,0.005857,0.003841
twist,0.07861,-0.189933,-0.098404,0.005857,0.051156,-0.001264
tilt,-0.066071,0.041783,-0.144533,0.003841,-0.001264,0.040729
avg,-0.257342,-0.998655,3.528082,-1.284766,1.936189,36.782558
