,shift,slide,rise,tilt,roll,twist
shift,1.600656,-0.084815,0.145015,-0.034472,-0.010047,0.042438
slide,-0.084815,3.820432,0.85938,0.026464,-0.031755,-0.192247
rise,0.145015,0.85938,9.243946,-0.236442,-0.219207,-0.218108
tilt,-0.034472,0.026464,-0.236442,0.034872,0.002038,0.001104
roll,-0.010047,-0.031755,-0.219207,0.002038,0.023343,0.005671
twist,0.042438,-0.192247,-0.218108,0.001104,0.005671,0.056827
avg,-0.054997,-1.579786,3.289841,-1.615844,8.998673,29.794625
