,shift,slide,rise,roll,twist,tilt
shift,1.541861,-0.277506,0.140012,0.024039,0.010258,0.012131
slide,-0.277506,4.656963,2.765925,-0.017442,-0.110983,-0.030224
rise,0.140012,2.765925,11.100425,0.064668,-0.139956,-0.018186
roll,0.024039,-0.017442,0.064668,0.027846,0.008333,0.000334
twist,0.010258,-0.110983,-0.139956,0.008333,0.049934,0.001483
tilt,0.012131,-0.030224,-0.018186,0.000334,0.001483,0.045255
avg,0.183637,-0.846202,3.30161,0.510656,-2.425936,32.071318
