,shift,slide,rise,roll,twist,tilt
shift,2.437151,-0.151566,0.153323,3.5e-05,0.020356,-0.017758
slide,-0.151566,5.260013,3.219981,-0.047341,-0.167923,-0.005316
rise,0.153323,3.219981,10.969242,0.052127,-0.182239,-0.018341
roll,3.5e-05,-0.047341,0.052127,0.033394,0.010286,0.000857
twist,0.020356,-0.167923,-0.182239,0.010286,0.060416,0.00135
tilt,-0.017758,-0.005316,-0.018341,0.000857,0.00135,0.047443
avg,0.123064,-0.901754,3.337761,0.61379,-2.404233,31.93794
