,shift,slide,rise,roll,twist,tilt
shift,3.016872,-0.012402,0.1767,0.005752,0.003297,-0.023127
slide,-0.012402,5.996477,3.061646,0.0049,-0.219908,0.010346
rise,0.1767,3.061646,11.927999,0.05992,-0.164264,0.006161
roll,0.005752,0.0049,0.05992,0.037455,0.00183,0.001352
twist,0.003297,-0.219908,-0.164264,0.00183,0.068527,0.00055
tilt,-0.023127,0.010346,0.006161,0.001352,0.00055,0.050823
avg,-0.033571,-0.923172,3.322789,0.260438,-2.792277,32.323895
