,shift,slide,rise,tilt,roll,twist
shift,1.038037,-0.053356,-0.047976,-0.002139,0.000259,0.001218
slide,-0.053356,3.513567,3.243145,0.006217,-0.083661,-0.17097
rise,-0.047976,3.243145,11.713769,0.002316,-0.248971,-0.209098
tilt,-0.002139,0.006217,0.002316,0.02545,0.000183,-0.000401
roll,0.000259,-0.083661,-0.248971,0.000183,0.02343,0.006266
twist,0.001218,-0.17097,-0.209098,-0.000401,0.006266,0.05892
avg,0.02256,-1.437559,3.186112,-0.195943,7.919503,28.685557
