,shift,slide,rise,tilt,roll,twist
shift,0.992707,-0.005952,-0.0924,-0.000535,-0.000987,-0.000458
slide,-0.005952,3.379042,3.146925,0.014073,-0.081151,-0.17519
rise,-0.0924,3.146925,11.423856,-0.002105,-0.230773,-0.211855
tilt,-0.000535,0.014073,-0.002105,0.025123,9.6e-05,0.000238
roll,-0.000987,-0.081151,-0.230773,9.6e-05,0.023655,0.006266
twist,-0.000458,-0.17519,-0.211855,0.000238,0.006266,0.055484
avg,0.058631,-1.468801,3.195546,-0.231375,7.740689,28.322076
