,shift,slide,rise,tilt,roll,twist
shift,0.82959,-0.013076,-0.022039,-0.004031,0.000807,0.000423
slide,-0.013076,3.168982,3.188695,0.000781,-0.080408,-0.173185
rise,-0.022039,3.188695,11.132542,0.001247,-0.240624,-0.223718
tilt,-0.004031,0.000781,0.001247,0.022886,0.000197,-1.7e-05
roll,0.000807,-0.080408,-0.240624,0.000197,0.022357,0.005772
twist,0.000423,-0.173185,-0.223718,-1.7e-05,0.005772,0.050936
avg,-0.079159,-1.481261,3.198893,-0.087366,8.084341,28.676921
