,shift,slide,rise,tilt,roll,twist
shift,1.710007,0.478292,-0.029241,-0.007366,0.022075,0.009859
slide,0.478292,4.60622,0.872046,-0.044621,-0.056329,-0.111403
rise,-0.029241,0.872046,5.017273,-0.021699,-0.132574,-0.132768
tilt,-0.007366,-0.044621,-0.021699,0.029703,0.00173,0.002612
roll,0.022075,-0.056329,-0.132574,0.00173,0.0183,0.003845
twist,0.009859,-0.111403,-0.132768,0.002612,0.003845,0.061848
avg,0.049092,-1.355566,3.33619,0.806793,12.545421,31.767636
