,shift,slide,rise,tilt,roll,twist
shift,1.533603,0.308836,0.155958,-0.009902,0.012365,0.007961
slide,0.308836,4.724451,1.026106,-0.039529,-0.07506,-0.152435
rise,0.155958,1.026106,5.209501,0.002372,-0.113044,-0.094188
tilt,-0.009902,-0.039529,0.002372,0.032614,0.00181,0.00174
roll,0.012365,-0.07506,-0.113044,0.00181,0.017274,0.001692
twist,0.007961,-0.152435,-0.094188,0.00174,0.001692,0.06064
avg,-0.002854,-1.404576,3.417224,-0.033893,12.429335,31.912426
