,shift,slide,rise,tilt,roll,twist
shift,2.438206,0.195577,-0.659879,-0.099366,0.021014,-0.030758
slide,0.195577,5.177418,0.704836,-0.030162,-0.028277,-0.202932
rise,-0.659879,0.704836,10.174967,0.346445,-0.181578,-0.205285
tilt,-0.099366,-0.030162,0.346445,0.054187,0.002562,0.002344
roll,0.021014,-0.028277,-0.181578,0.002562,0.027025,0.004748
twist,-0.030758,-0.202932,-0.205285,0.002344,0.004748,0.062731
avg,-0.103156,-1.7807,3.347543,0.171161,9.295486,29.998631
