,shift,slide,rise,tilt,roll,twist
shift,2.146487,0.132536,-0.477847,-0.077325,0.026045,-0.00922
slide,0.132536,5.531051,1.170606,-0.020217,-0.04585,-0.198903
rise,-0.477847,1.170606,10.128582,0.352577,-0.162172,-0.196157
tilt,-0.077325,-0.020217,0.352577,0.055321,0.002052,0.002708
roll,0.026045,-0.04585,-0.162172,0.002052,0.025779,0.003696
twist,-0.00922,-0.198903,-0.196157,0.002708,0.003696,0.062225
avg,-0.090329,-1.860382,3.39011,0.404822,9.285917,30.206179
