,shift,slide,rise,tilt,roll,twist
shift,1.317255,-0.100254,0.099041,-0.062445,0.001065,0.000865
slide,-0.100254,4.120232,1.463835,0.005849,-0.055603,-0.203839
rise,0.099041,1.463835,4.141771,-0.004881,-0.10744,-0.082976
tilt,-0.062445,0.005849,-0.004881,0.03085,0.000284,-0.00084
roll,0.001065,-0.055603,-0.10744,0.000284,0.01739,-0.002923
twist,0.000865,-0.203839,-0.082976,-0.00084,-0.002923,0.057969
avg,-0.057926,-1.500514,3.606714,0.383031,12.562975,32.644075
