,shift,slide,rise,tilt,roll,twist
shift,1.217974,-0.099097,0.024455,-0.059003,0.00439,0.031731
slide,-0.099097,3.940971,1.618857,-0.008926,-0.065884,-0.178796
rise,0.024455,1.618857,4.360214,0.02349,-0.09196,-0.093504
tilt,-0.059003,-0.008926,0.02349,0.032407,0.001248,0.000269
roll,0.00439,-0.065884,-0.09196,0.001248,0.017611,-0.002121
twist,0.031731,-0.178796,-0.093504,0.000269,-0.002121,0.053012
avg,-0.091209,-1.51408,3.420776,-0.986419,10.639089,32.152711
