,shift,slide,rise,tilt,roll,twist
shift,1.161022,-0.172667,-0.104432,-0.066024,0.010771,-0.005016
slide,-0.172667,4.383457,1.634737,0.004737,-0.062131,-0.208456
rise,-0.104432,1.634737,4.502772,0.032137,-0.077693,-0.092374
tilt,-0.066024,0.004737,0.032137,0.034244,0.001812,0.001311
roll,0.010771,-0.062131,-0.077693,0.001812,0.017296,-0.003095
twist,-0.005016,-0.208456,-0.092374,0.001311,-0.003095,0.057615
avg,-0.152868,-1.518276,3.455205,0.10871,10.760375,32.050256
