,shift,slide,rise,roll,twist,tilt
shift,1.561991,-0.144564,-0.059284,0.019593,0.03288,-0.155973
slide,-0.144564,2.888286,1.603395,0.027452,-0.115284,0.014634
rise,-0.059284,1.603395,7.321265,-0.075706,-0.187095,0.006647
roll,0.019593,0.027452,-0.075706,0.016034,0.002323,-9.5e-05
twist,0.03288,-0.115284,-0.187095,0.002323,0.029764,-0.000185
tilt,-0.155973,0.014634,0.006647,-9.5e-05,-0.000185,0.035485
avg,0.351476,0.016894,3.493852,1.345636,5.818751,40.788806
