,shift,slide,rise,tilt,roll,twist
shift,0.987432,-0.012195,-0.001359,-0.054094,0.001959,-0.008375
slide,-0.012195,4.013784,1.527616,0.000168,-0.061843,-0.213523
rise,-0.001359,1.527616,3.642299,-0.010208,-0.065912,-0.101119
tilt,-0.054094,0.000168,-0.010208,0.026353,0.00131,-0.002002
roll,0.001959,-0.061843,-0.065912,0.00131,0.014759,-0.000953
twist,-0.008375,-0.213523,-0.101119,-0.002002,-0.000953,0.050982
avg,0.017543,-1.55928,3.57689,0.369531,11.674176,32.162687
