,shift,slide,rise,roll,twist,tilt
shift,1.765983,-0.858299,-0.351467,-0.041777,-0.082013,-0.050852
slide,-0.858299,2.861851,1.900179,-0.037118,-0.091721,0.014165
rise,-0.351467,1.900179,8.676202,-0.066699,-0.192744,0.184388
roll,-0.041777,-0.037118,-0.066699,0.020468,0.006702,-0.00407
twist,-0.082013,-0.091721,-0.192744,0.006702,0.035381,-0.007833
tilt,-0.050852,0.014165,0.184388,-0.00407,-0.007833,0.046025
avg,0.830386,-0.343916,3.387074,4.33986,3.481778,35.859388
