,shift,slide,rise,roll,twist,tilt
shift,1.834052,-0.548881,-0.499591,-0.019207,-0.075749,-0.080031
slide,-0.548881,3.040306,1.92716,-0.068538,-0.137869,0.032103
rise,-0.499591,1.92716,8.27507,-0.047322,-0.182936,0.196287
roll,-0.019207,-0.068538,-0.047322,0.025818,0.00771,-0.00263
twist,-0.075749,-0.137869,-0.182936,0.00771,0.041365,-0.00593
tilt,-0.080031,0.032103,0.196287,-0.00263,-0.00593,0.045848
avg,0.19357,-0.812833,3.461208,2.497321,2.353167,35.055053
