,shift,slide,rise,roll,twist,tilt
shift,1.693731,-0.808841,-0.472387,-0.013473,-0.075238,-0.046254
slide,-0.808841,2.930515,1.686459,-0.038074,-0.118851,-0.010518
rise,-0.472387,1.686459,9.914052,-0.02019,-0.215282,0.219475
roll,-0.013473,-0.038074,-0.02019,0.022107,0.008869,-0.002422
twist,-0.075238,-0.118851,-0.215282,0.008869,0.042973,-0.00897
tilt,-0.046254,-0.010518,0.219475,-0.002422,-0.00897,0.047552
avg,0.669384,-0.344328,3.351852,3.556715,0.823457,36.908685
