,shift,slide,rise,tilt,roll,twist
shift,1.610871,0.018646,-0.103706,-0.035091,0.013745,-0.041584
slide,0.018646,3.994986,0.808876,-0.025758,-0.025475,-0.197101
rise,-0.103706,0.808876,9.330885,0.243593,-0.216951,-0.22903
tilt,-0.035091,-0.025758,0.243593,0.035846,-0.002101,-0.001415
roll,0.013745,-0.025475,-0.216951,-0.002101,0.0233,0.004741
twist,-0.041584,-0.197101,-0.22903,-0.001415,0.004741,0.062131
avg,0.05916,-1.543951,3.305425,0.25593,9.320034,29.744768
