,shift,slide,rise,tilt,roll,twist
shift,1.442319,0.151643,-0.016026,-0.028958,0.007462,-0.044136
slide,0.151643,4.37057,0.904213,-0.030957,-0.031799,-0.213626
rise,-0.016026,0.904213,9.384115,0.264913,-0.189992,-0.218999
tilt,-0.028958,-0.030957,0.264913,0.037096,-0.00125,-0.001107
roll,0.007462,-0.031799,-0.189992,-0.00125,0.022628,0.004472
twist,-0.044136,-0.213626,-0.218999,-0.001107,0.004472,0.060918
avg,0.095511,-1.686683,3.290397,0.130301,8.407096,29.231866
