,shift,slide,rise,tilt,roll,twist
shift,1.373704,0.110793,-0.199276,-0.036463,0.014053,-0.03224
slide,0.110793,4.44149,0.988368,-0.03266,-0.037313,-0.232489
rise,-0.199276,0.988368,9.129043,0.265304,-0.165468,-0.186563
tilt,-0.036463,-0.03266,0.265304,0.038817,-0.000655,0.000913
roll,0.014053,-0.037313,-0.165468,-0.000655,0.021922,0.002979
twist,-0.03224,-0.232489,-0.186563,0.000913,0.002979,0.065007
avg,0.034081,-1.678389,3.313146,1.516929,9.01705,29.353591
