,shift,slide,rise,tilt,roll,twist
shift,1.784698,-0.493937,0.446337,-0.040384,0.025242,0.035314
slide,-0.493937,4.348895,0.748763,0.027041,0.003304,-0.160836
rise,0.446337,0.748763,9.241074,-0.321885,-0.20623,-0.179965
tilt,-0.040384,0.027041,-0.321885,0.0447,-0.000923,0.000163
roll,0.025242,0.003304,-0.20623,-0.000923,0.022445,0.007325
twist,0.035314,-0.160836,-0.179965,0.000163,0.007325,0.061886
avg,0.028068,-1.649093,3.436792,0.92975,10.373444,29.927419
