,shift,slide,rise,tilt,roll,twist
shift,1.555278,-0.26973,0.528093,-0.025601,0.024595,0.031308
slide,-0.26973,4.090302,1.523505,-0.019298,0.007779,-0.191349
rise,0.528093,1.523505,9.324686,-0.330314,-0.162529,-0.219642
tilt,-0.025601,-0.019298,-0.330314,0.04321,-0.002029,0.003342
roll,0.024595,0.007779,-0.162529,-0.002029,0.023105,0.006063
twist,0.031308,-0.191349,-0.219642,0.003342,0.006063,0.062965
avg,0.091688,-1.698954,3.305942,0.054015,7.431329,29.777007
