,shift,slide,rise,roll,twist,tilt
shift,1.856594,0.76265,0.876743,0.027983,-0.03873,-0.103178
slide,0.76265,2.632817,1.61088,-0.002839,-0.183341,0.006109
rise,0.876743,1.61088,10.130803,-0.016107,-0.14777,-0.303347
roll,0.027983,-0.002839,-0.016107,0.022385,0.007925,-0.004139
twist,-0.03873,-0.183341,-0.14777,0.007925,0.044096,-0.000434
tilt,-0.103178,0.006109,-0.303347,-0.004139,-0.000434,0.046221
avg,-0.337404,-0.335776,3.518799,-0.499297,0.807332,39.652996
