,shift,slide,rise,tilt,roll,twist
shift,1.659511,-0.328415,0.654701,-0.04111,0.014292,0.025785
slide,-0.328415,4.024231,1.0127,-0.006674,0.006806,-0.176306
rise,0.654701,1.0127,9.172291,-0.322071,-0.19947,-0.211851
tilt,-0.04111,-0.006674,-0.322071,0.041579,-0.001975,0.001441
roll,0.014292,0.006806,-0.19947,-0.001975,0.024109,0.007698
twist,0.025785,-0.176306,-0.211851,0.001441,0.007698,0.056586
avg,0.146409,-1.636655,3.357721,0.318599,8.896446,29.680868
