,shift,slide,rise,tilt,roll,twist
shift,2.388091,-0.028386,-0.01674,-0.050468,0.01203,0.011579
slide,-0.028386,3.823373,3.010649,0.007858,-0.053756,-0.235328
rise,-0.01674,3.010649,14.32674,-0.013466,-0.126186,-0.261426
tilt,-0.050468,0.007858,-0.013466,0.040819,0.000605,0.000539
roll,0.01203,-0.053756,-0.126186,0.000605,0.030894,0.005045
twist,0.011579,-0.235328,-0.261426,0.000539,0.005045,0.061098
avg,-0.018502,-1.873445,3.270357,0.256874,4.402219,29.034305
