,shift,slide,rise,roll,twist,tilt
shift,2.150014,0.304447,-0.049105,0.010554,-0.018814,-0.127835
slide,0.304447,2.861483,2.53194,0.055316,-0.128418,-0.011333
rise,-0.049105,2.53194,11.866734,0.122556,-0.21748,-0.018648
roll,0.010554,0.055316,0.122556,0.028686,0.003521,-0.001553
twist,-0.018814,-0.128418,-0.21748,0.003521,0.046729,-6.2e-05
tilt,-0.127835,-0.011333,-0.018648,-0.001553,-6.2e-05,0.047127
avg,-0.137049,-0.69473,3.557064,-0.072142,-0.32552,37.371985
