,shift,slide,rise,tilt,roll,twist
shift,2.66404,0.039075,0.004186,-0.05259,0.002075,-0.009912
slide,0.039075,4.000472,3.244582,-0.015384,-0.036795,-0.242318
rise,0.004186,3.244582,14.981785,-0.012603,-0.130196,-0.287879
tilt,-0.05259,-0.015384,-0.012603,0.040376,-0.000441,0.000807
roll,0.002075,-0.036795,-0.130196,-0.000441,0.032283,0.004354
twist,-0.009912,-0.242318,-0.287879,0.000807,0.004354,0.061977
avg,0.018328,-1.847569,3.264299,0.136406,4.146316,29.41292
