,shift,slide,rise,tilt,roll,twist
shift,2.556323,-0.404917,0.516343,-0.097942,-0.00306,0.043908
slide,-0.404917,5.545856,0.99363,0.035954,-0.029201,-0.186604
rise,0.516343,0.99363,10.312861,-0.353304,-0.173928,-0.192422
tilt,-0.097942,0.035954,-0.353304,0.056672,-0.002036,-0.003533
roll,-0.00306,-0.029201,-0.173928,-0.002036,0.026329,0.00343
twist,0.043908,-0.186604,-0.192422,-0.003533,0.00343,0.06211
avg,0.008531,-1.813994,3.439824,0.504549,9.975605,30.516904
