,shift,slide,rise,tilt,roll,twist
shift,2.5007,-0.223389,0.543806,-0.101548,-0.003751,0.039003
slide,-0.223389,5.563777,1.162506,0.008948,-0.024202,-0.201103
rise,0.543806,1.162506,10.913011,-0.344635,-0.17369,-0.22702
tilt,-0.101548,0.008948,-0.344635,0.055722,-0.002024,-0.001552
roll,-0.003751,-0.024202,-0.17369,-0.002024,0.026759,0.00465
twist,0.039003,-0.201103,-0.22702,-0.001552,0.00465,0.062844
avg,-0.002764,-1.85597,3.350018,-0.427587,8.934228,30.508221
