,shift,slide,rise,tilt,roll,twist
shift,2.485527,-0.361436,0.394972,-0.09277,0.009902,0.039424
slide,-0.361436,5.947753,1.339876,0.024242,-0.021154,-0.211945
rise,0.394972,1.339876,11.70686,-0.389506,-0.130459,-0.200576
tilt,-0.09277,0.024242,-0.389506,0.059491,-0.002317,-0.002358
roll,0.009902,-0.021154,-0.130459,-0.002317,0.026037,0.001773
twist,0.039424,-0.211945,-0.200576,-0.002358,0.001773,0.06396
avg,0.004547,-1.832185,3.337829,0.168519,8.529736,29.860188
