,shift,slide,rise,roll,twist,tilt
shift,2.145488,0.269082,0.798802,0.015674,0.007376,-0.13739
slide,0.269082,2.419129,1.511617,-0.006414,-0.173905,0.02982
rise,0.798802,1.511617,9.187142,-0.032087,-0.128792,-0.258473
roll,0.015674,-0.006414,-0.032087,0.024962,0.004738,-0.001694
twist,0.007376,-0.173905,-0.128792,0.004738,0.042103,-0.002565
tilt,-0.13739,0.02982,-0.258473,-0.001694,-0.002565,0.04923
avg,-0.062179,-1.112572,3.677612,1.522477,4.767138,36.348519
