,shift,slide,rise,tilt,roll,twist
shift,2.508977,-0.317439,0.531335,-0.09813,-0.013923,0.032866
slide,-0.317439,5.687503,1.024263,0.020361,-0.029462,-0.203165
rise,0.531335,1.024263,10.00495,-0.339386,-0.175984,-0.206552
tilt,-0.09813,0.020361,-0.339386,0.055163,-0.002136,-0.002509
roll,-0.013923,-0.029462,-0.175984,-0.002136,0.027283,0.004644
twist,0.032866,-0.203165,-0.206552,-0.002509,0.004644,0.063755
avg,0.073406,-1.871736,3.461916,0.421124,9.706782,30.440865
