,shift,slide,rise,roll,twist,tilt
shift,1.372227,-0.677395,-0.158291,0.004998,-0.035964,-0.040767
slide,-0.677395,4.214103,2.90015,0.033728,-0.131294,0.005501
rise,-0.158291,2.90015,11.274685,0.11096,-0.201911,-0.027982
roll,0.004998,0.033728,0.11096,0.025879,0.006815,-0.005322
twist,-0.035964,-0.131294,-0.201911,0.006815,0.046522,-0.004195
tilt,-0.040767,0.005501,-0.027982,-0.005322,-0.004195,0.047747
avg,0.452817,-0.545112,3.371381,2.214929,-1.968365,34.342359
