,shift,slide,rise,tilt,roll,twist
shift,1.38306,-0.14311,0.111041,-0.005851,0.014505,0.002601
slide,-0.14311,3.034698,2.959476,0.023601,-0.071706,-0.169271
rise,0.111041,2.959476,12.84567,-0.016581,-0.201414,-0.241008
tilt,-0.005851,0.023601,-0.016581,0.031479,-0.003002,-0.0021
roll,0.014505,-0.071706,-0.201414,-0.003002,0.025776,0.005196
twist,0.002601,-0.169271,-0.241008,-0.0021,0.005196,0.055013
avg,0.095758,-1.590171,3.217268,0.13501,5.979448,28.768754
