,shift,slide,rise,roll,twist,tilt
shift,0.640255,-0.293673,0.2241,0.005777,0.000579,-0.045626
slide,-0.293673,2.285894,1.158479,0.015373,-0.117486,-0.017061
rise,0.2241,1.158479,7.702462,-0.096353,-0.21985,-0.028674
roll,0.005777,0.015373,-0.096353,0.017134,0.011152,-0.000581
twist,0.000579,-0.117486,-0.21985,0.011152,0.030579,-0.001365
tilt,-0.045626,-0.017061,-0.028674,-0.000581,-0.001365,0.026844
avg,0.734012,0.087406,3.28675,3.198357,5.926892,35.565937
