,shift,slide,rise,roll,twist,tilt
shift,0.486243,-0.08879,-0.015666,0.001378,0.009948,-0.048765
slide,-0.08879,2.352454,0.923304,0.02583,-0.118908,0.000559
rise,-0.015666,0.923304,7.792474,-0.090577,-0.220954,0.008478
roll,0.001378,0.02583,-0.090577,0.016299,0.011073,0.000401
twist,0.009948,-0.118908,-0.220954,0.011073,0.03183,3.9e-05
tilt,-0.048765,0.000559,0.008478,0.000401,3.9e-05,0.026135
avg,0.174596,0.068293,3.270126,0.268315,4.321595,37.509211
