,shift,slide,rise,roll,twist,tilt
shift,0.737835,0.012459,0.031299,0.007094,0.000624,-0.045618
slide,0.012459,2.156399,1.225323,0.034425,-0.121604,-0.00196
rise,0.031299,1.225323,6.707112,-0.06865,-0.206246,-0.014616
roll,0.007094,0.034425,-0.06865,0.015275,0.009503,2.4e-05
twist,0.000624,-0.121604,-0.206246,0.009503,0.034618,0.000243
tilt,-0.045618,-0.00196,-0.014616,2.4e-05,0.000243,0.026154
avg,0.061745,-0.250071,3.540819,-0.384283,4.654713,40.284012
