,shift,slide,rise,roll,twist,tilt
shift,1.692173,-0.874916,-0.612841,-0.009044,0.056441,-0.097641
slide,-0.874916,2.787833,1.279921,-0.040664,-0.145819,-0.042392
rise,-0.612841,1.279921,11.098608,-0.016603,-0.140494,0.348909
roll,-0.009044,-0.040664,-0.016603,0.021872,0.008972,0.00393
twist,0.056441,-0.145819,-0.140494,0.008972,0.039452,0.004261
tilt,-0.097641,-0.042392,0.348909,0.00393,0.004261,0.049695
avg,0.58362,-0.051163,3.42573,1.764946,0.438426,38.904646
