,shift,slide,rise,roll,twist,tilt
shift,0.782718,-0.225841,-0.122109,0.000832,0.040215,-0.07637
slide,-0.225841,2.348805,1.046701,0.014071,-0.1026,-0.005679
rise,-0.122109,1.046701,7.720637,-0.085775,-0.208952,-0.042902
roll,0.000832,0.014071,-0.085775,0.015956,0.007712,0.000813
twist,0.040215,-0.1026,-0.208952,0.007712,0.026799,-0.001073
tilt,-0.07637,-0.005679,-0.042902,0.000813,-0.001073,0.028039
avg,0.553991,0.043934,3.256427,2.631356,6.738443,35.276786
