,shift,slide,rise,roll,twist,tilt
shift,0.934859,-0.238419,-0.352264,0.016857,0.050531,-0.093973
slide,-0.238419,2.46639,1.129823,0.018512,-0.088893,0.004836
rise,-0.352264,1.129823,7.236343,-0.0694,-0.216374,-0.027657
roll,0.016857,0.018512,-0.0694,0.017379,0.008934,0.001662
twist,0.050531,-0.088893,-0.216374,0.008934,0.02703,-0.001023
tilt,-0.093973,0.004836,-0.027657,0.001662,-0.001023,0.030208
avg,0.520702,-0.173238,3.34466,0.879218,6.755068,35.722663
