,shift,slide,rise,roll,twist,tilt
shift,0.72713,-0.179242,-0.154916,-0.002722,0.045002,-0.075877
slide,-0.179242,2.729537,0.887569,0.014807,-0.121114,-0.011688
rise,-0.154916,0.887569,8.007673,-0.075189,-0.21666,-0.033145
roll,-0.002722,0.014807,-0.075189,0.016389,0.008244,0.000774
twist,0.045002,-0.121114,-0.21666,0.008244,0.02977,-0.00087
tilt,-0.075877,-0.011688,-0.033145,0.000774,-0.00087,0.028365
avg,0.359404,0.075244,3.219226,1.574714,5.270906,36.455979
