,shift,slide,rise,roll,twist,tilt
shift,1.297277,-0.446971,-0.017544,0.011951,0.083718,-0.097428
slide,-0.446971,2.565971,1.322415,0.020755,-0.108095,0.004352
rise,-0.017544,1.322415,7.318737,-0.06767,-0.189334,-0.022971
roll,0.011951,0.020755,-0.06767,0.016611,0.00539,0.000216
twist,0.083718,-0.108095,-0.189334,0.00539,0.031706,-0.000571
tilt,-0.097428,0.004352,-0.022971,0.000216,-0.000571,0.031712
avg,0.806329,-0.137502,3.451042,1.647849,5.434392,38.458511
