,shift,slide,rise,roll,twist,tilt
shift,1.174962,-0.761022,0.024764,0.045819,0.081281,0.041226
slide,-0.761022,3.271867,0.691824,-0.076088,-0.166753,-0.071799
rise,0.024764,0.691824,8.017895,-0.018388,-0.166284,0.112405
roll,0.045819,-0.076088,-0.018388,0.019028,0.004003,-0.003791
twist,0.081281,-0.166753,-0.166284,0.004003,0.032594,-0.008071
tilt,0.041226,-0.071799,0.112405,-0.003791,-0.008071,0.04035
avg,1.074682,-0.037642,3.259356,3.306596,-0.54496,36.676142
