,shift,slide,rise,roll,twist,tilt
shift,2.049343,-1.164623,-0.664788,-0.000444,-0.026544,-0.024728
slide,-1.164623,3.727567,1.296927,-0.051685,-0.171647,-0.016501
rise,-0.664788,1.296927,10.886188,-0.019458,-0.168239,0.282281
roll,-0.000444,-0.051685,-0.019458,0.022782,0.009614,-0.001585
twist,-0.026544,-0.171647,-0.168239,0.009614,0.04756,-0.005386
tilt,-0.024728,-0.016501,0.282281,-0.001585,-0.005386,0.051344
avg,0.795655,-0.041283,3.332018,3.919222,-0.603643,38.29017
