,shift,slide,rise,tilt,roll,twist
shift,2.082407,-0.22646,0.079718,0.020617,0.003723,-0.020683
slide,-0.22646,5.086733,0.269055,0.012069,-0.051474,-0.076205
rise,0.079718,0.269055,4.93259,0.010509,-0.143823,-0.09519
tilt,0.020617,0.012069,0.010509,0.024163,-0.000253,-0.003191
roll,0.003723,-0.051474,-0.143823,-0.000253,0.017422,0.0034
twist,-0.020683,-0.076205,-0.09519,-0.003191,0.0034,0.053325
avg,-0.05039,-1.292527,3.490314,0.510445,16.728205,31.854084
