,shift,slide,rise,tilt,roll,twist
shift,2.162306,0.199951,-0.184257,0.047576,0.016275,-0.001045
slide,0.199951,4.739327,0.275872,-0.038585,-0.037467,-0.071012
rise,-0.184257,0.275872,5.125396,0.016304,-0.146645,-0.125203
tilt,0.047576,-0.038585,0.016304,0.023478,0.001248,0.002077
roll,0.016275,-0.037467,-0.146645,0.001248,0.017991,0.004525
twist,-0.001045,-0.071012,-0.125203,0.002077,0.004525,0.060871
avg,-0.098647,-1.237657,3.315381,0.39094,14.799046,31.586371
