,shift,slide,rise,tilt,roll,twist
shift,2.198549,-0.115523,0.109156,0.047057,-0.004444,0.001898
slide,-0.115523,4.671561,0.016728,0.028701,-0.019037,-0.04889
rise,0.109156,0.016728,5.633851,-0.007292,-0.178721,-0.146156
tilt,0.047057,0.028701,-0.007292,0.021753,-0.000237,-0.001229
roll,-0.004444,-0.019037,-0.178721,-0.000237,0.019169,0.005309
twist,0.001898,-0.04889,-0.146156,-0.001229,0.005309,0.059641
avg,0.040788,-1.212299,3.272687,-0.136493,15.368334,31.129673
