,shift,slide,rise,tilt,roll,twist
shift,1.562275,0.242324,-0.686092,-0.032914,-0.006133,-0.024398
slide,0.242324,3.965939,1.235654,0.018016,0.000486,-0.185357
rise,-0.686092,1.235654,9.365519,0.313065,-0.183156,-0.203422
tilt,-0.032914,0.018016,0.313065,0.041729,0.002192,-0.001054
roll,-0.006133,0.000486,-0.183156,0.002192,0.023114,0.007282
twist,-0.024398,-0.185357,-0.203422,-0.001054,0.007282,0.06221
avg,-0.130271,-1.627403,3.240745,0.876641,7.889103,29.102245
