,shift,slide,rise,tilt,roll,twist
shift,1.617866,-0.496668,0.057911,-0.013891,-0.010318,-0.003816
slide,-0.496668,4.683464,0.839013,0.046541,-0.062496,-0.128499
rise,0.057911,0.839013,5.009329,0.023597,-0.135884,-0.096183
tilt,-0.013891,0.046541,0.023597,0.030454,-0.000652,-0.00228
roll,-0.010318,-0.062496,-0.135884,-0.000652,0.018977,0.001869
twist,-0.003816,-0.128499,-0.096183,-0.00228,0.001869,0.060181
avg,-0.081091,-1.349845,3.526623,0.059474,14.09533,32.540672
