,shift,slide,rise,tilt,roll,twist
shift,1.714034,-0.289153,0.052684,-0.006997,-0.018433,-0.003571
slide,-0.289153,4.640024,0.865521,0.02356,-0.056961,-0.113788
rise,0.052684,0.865521,5.651461,0.052451,-0.161472,-0.13365
tilt,-0.006997,0.02356,0.052451,0.030201,0.000161,-0.001773
roll,-0.018433,-0.056961,-0.161472,0.000161,0.020036,0.003828
twist,-0.003571,-0.113788,-0.13365,-0.001773,0.003828,0.061016
avg,-0.142338,-1.304023,3.308638,-1.16334,12.943523,32.082982
