,shift,slide,rise,tilt,roll,twist
shift,1.469044,-0.489083,-0.148539,-0.021086,0.004639,0.003901
slide,-0.489083,4.951286,1.009122,0.037476,-0.061651,-0.158183
rise,-0.148539,1.009122,4.924287,0.0501,-0.114203,-0.088768
tilt,-0.021086,0.037476,0.0501,0.032175,0.000698,-0.00138
roll,0.004639,-0.061651,-0.114203,0.000698,0.019104,0.000285
twist,0.003901,-0.158183,-0.088768,-0.00138,0.000285,0.063088
avg,-0.16354,-1.418213,3.480443,-0.235228,12.693705,32.273808
