,shift,slide,rise,tilt,roll,twist
shift,1.65137,-0.437046,0.193811,-0.012085,-0.025941,-0.006104
slide,-0.437046,4.564792,0.720144,0.045611,-0.052059,-0.115723
rise,0.193811,0.720144,4.850323,0.033946,-0.141307,-0.125262
tilt,-0.012085,0.045611,0.033946,0.028501,-0.00124,-0.002773
roll,-0.025941,-0.052059,-0.141307,-0.00124,0.018625,0.004017
twist,-0.006104,-0.115723,-0.125262,-0.002773,0.004017,0.059181
avg,-0.069557,-1.341338,3.436098,-0.619521,13.926129,31.775636
