,shift,slide,rise,tilt,roll,twist
shift,1.47404,-0.037034,-0.312903,-0.003927,-0.002859,-0.026605
slide,-0.037034,3.578565,0.89311,-0.002015,-0.011877,-0.176779
rise,-0.312903,0.89311,9.20961,0.274681,-0.221055,-0.212171
tilt,-0.003927,-0.002015,0.274681,0.033558,-0.001421,-0.003046
roll,-0.002859,-0.011877,-0.221055,-0.001421,0.022219,0.007595
twist,-0.026605,-0.176779,-0.212171,-0.003046,0.007595,0.056183
avg,0.031054,-1.502872,3.241719,0.672886,8.560016,28.461144
