,shift,slide,rise,tilt,roll,twist
shift,1.540268,0.029261,-0.384079,-0.003978,0.00501,-0.022657
slide,0.029261,3.606569,0.865055,-0.006598,-0.014425,-0.18059
rise,-0.384079,0.865055,9.388244,0.287997,-0.222187,-0.208204
tilt,-0.003978,-0.006598,0.287997,0.035206,-0.001327,-0.002853
roll,0.00501,-0.014425,-0.222187,-0.001327,0.022009,0.008305
twist,-0.022657,-0.18059,-0.208204,-0.002853,0.008305,0.060834
avg,0.102455,-1.455541,3.284632,0.163844,9.592392,28.533432
