,shift,slide,rise,tilt,roll,twist
shift,1.669406,-0.164369,0.25454,-0.006538,0.014372,0.024171
slide,-0.164369,3.8961,0.838395,0.033598,-0.013366,-0.155727
rise,0.25454,0.838395,9.148497,-0.26834,-0.215451,-0.176655
tilt,-0.006538,0.033598,-0.26834,0.035899,0.000856,0.001314
roll,0.014372,-0.013366,-0.215451,0.000856,0.021244,0.006228
twist,0.024171,-0.155727,-0.176655,0.001314,0.006228,0.057985
avg,-0.142903,-1.49647,3.367236,-0.258897,10.36123,29.274386
