,shift,slide,rise,tilt,roll,twist
shift,1.640173,-0.106257,0.195637,0.001379,0.01949,0.037809
slide,-0.106257,4.071189,0.986987,0.034064,-0.011935,-0.193586
rise,0.195637,0.986987,10.122052,-0.283233,-0.204574,-0.184833
tilt,0.001379,0.034064,-0.283233,0.037013,0.000954,0.000603
roll,0.01949,-0.011935,-0.204574,0.000954,0.021354,0.006417
twist,0.037809,-0.193586,-0.184833,0.000603,0.006417,0.058802
avg,-0.097407,-1.478633,3.244852,-1.036229,8.391602,29.099215
