,shift,slide,rise,roll,twist,tilt
shift,1.757863,0.631131,0.300231,0.005091,0.02297,-0.055499
slide,0.631131,3.684676,3.201584,-0.001048,-0.100024,-0.021882
rise,0.300231,3.201584,10.824801,0.0763,-0.190976,0.054465
roll,0.005091,-0.001048,0.0763,0.027682,0.00856,0.0068
twist,0.02297,-0.100024,-0.190976,0.00856,0.040896,0.00612
tilt,-0.055499,-0.021882,0.054465,0.0068,0.00612,0.044815
avg,-0.057327,-0.84982,3.447652,-2.292921,-1.377998,33.396495
