,shift,slide,rise,tilt,roll,twist
shift,1.357209,0.102369,-0.004694,-0.014941,-0.014463,-0.002798
slide,0.102369,3.164671,2.707691,-0.036598,-0.074529,-0.176641
rise,-0.004694,2.707691,12.216698,0.029882,-0.200328,-0.227743
tilt,-0.014941,-0.036598,0.029882,0.03304,0.003326,0.002119
roll,-0.014463,-0.074529,-0.200328,0.003326,0.026013,0.00637
twist,-0.002798,-0.176641,-0.227743,0.002119,0.00637,0.058603
avg,-0.128818,-1.594816,3.265902,-0.607515,7.04619,29.00054
