,shift,slide,rise,tilt,roll,twist
shift,1.532085,-0.172598,0.173119,-0.038842,-0.008992,0.02891
slide,-0.172598,4.474382,1.053099,0.031346,-0.035114,-0.226073
rise,0.173119,1.053099,9.735161,-0.259656,-0.184866,-0.197715
tilt,-0.038842,0.031346,-0.259656,0.039329,0.002308,0.000208
roll,-0.008992,-0.035114,-0.184866,0.002308,0.022978,0.003201
twist,0.02891,-0.226073,-0.197715,0.000208,0.003201,0.065446
avg,-0.174343,-1.672542,3.269413,-1.799727,8.414898,29.49771
