,shift,slide,rise,tilt,roll,twist
shift,1.398666,-0.269292,0.117191,-0.041187,-0.006448,0.028464
slide,-0.269292,4.881085,1.266964,0.046503,-0.031124,-0.228125
rise,0.117191,1.266964,9.722908,-0.271063,-0.135391,-0.145742
tilt,-0.041187,0.046503,-0.271063,0.041854,0.000904,-0.002333
roll,-0.006448,-0.031124,-0.135391,0.000904,0.021991,0.000538
twist,0.028464,-0.228125,-0.145742,-0.002333,0.000538,0.066914
avg,-0.187866,-1.666169,3.341811,-0.388162,8.558072,29.631948
