,shift,slide,rise,roll,twist,tilt
shift,1.362337,-0.032855,0.020462,0.011189,0.005926,0.019035
slide,-0.032855,4.770072,3.282118,-0.064355,-0.053879,-0.004708
rise,0.020462,3.282118,11.84246,0.065921,-0.156417,-0.01111
roll,0.011189,-0.064355,0.065921,0.028882,0.012307,1.8e-05
twist,0.005926,-0.053879,-0.156417,0.012307,0.034961,0.000382
tilt,0.019035,-0.004708,-0.01111,1.8e-05,0.000382,0.044125
avg,-0.021258,-0.697321,3.169489,-0.184206,-0.174,28.455219
