,shift,slide,rise,tilt,roll,twist
shift,1.031428,-0.000165,-0.034536,-0.003044,-0.001416,0.003385
slide,-0.000165,3.42812,3.009209,0.008861,-0.083026,-0.191165
rise,-0.034536,3.009209,11.891427,-0.014165,-0.217569,-0.182562
tilt,-0.003044,0.008861,-0.014165,0.028418,-0.000132,0.000113
roll,-0.001416,-0.083026,-0.217569,-0.000132,0.02395,0.005608
twist,0.003385,-0.191165,-0.182562,0.000113,0.005608,0.06166
avg,0.049351,-1.494689,3.18476,0.186402,7.439367,28.137816
