,shift,slide,rise,tilt,roll,twist
shift,1.463063,0.36674,0.021387,-0.016065,0.016976,0.020908
slide,0.36674,5.262322,1.083232,-0.044373,-0.065013,-0.175095
rise,0.021387,1.083232,5.437612,-0.024774,-0.099155,-0.082003
tilt,-0.016065,-0.044373,-0.024774,0.035858,0.000171,0.002271
roll,0.016976,-0.065013,-0.099155,0.000171,0.018281,-0.001311
twist,0.020908,-0.175095,-0.082003,0.002271,-0.001311,0.06567
avg,0.105137,-1.431085,3.42564,-0.032,10.770163,32.286089
