,shift,slide,rise,tilt,roll,twist
shift,1.170607,-0.000454,0.011851,-0.076697,-0.001749,-0.012078
slide,-0.000454,4.469924,1.471859,0.009632,-0.056886,-0.220473
rise,0.011851,1.471859,4.408879,-0.024166,-0.081954,-0.069819
tilt,-0.076697,0.009632,-0.024166,0.035476,-0.001595,-0.00087
roll,-0.001749,-0.056886,-0.081954,-0.001595,0.0174,-0.004422
twist,-0.012078,-0.220473,-0.069819,-0.00087,-0.004422,0.062401
avg,0.203258,-1.584471,3.636337,1.577469,11.155975,32.402648
