,shift,slide,rise,tilt,roll,twist
shift,0.985242,-0.007975,-0.011602,-0.076614,0.001647,-0.001821
slide,-0.007975,4.53524,1.583733,0.002136,-0.050911,-0.232594
rise,-0.011602,1.583733,4.798053,-0.007923,-0.048971,-0.072467
tilt,-0.076614,0.002136,-0.007923,0.038935,-0.000282,0.000299
roll,0.001647,-0.050911,-0.048971,-0.000282,0.017436,-0.005406
twist,-0.001821,-0.232594,-0.072467,0.000299,-0.005406,0.063885
avg,0.028643,-1.579252,3.486881,0.302722,8.66265,31.52267
