,shift,slide,rise,tilt,roll,twist
shift,1.753706,-0.347799,0.596837,-0.038382,0.009107,0.014264
slide,-0.347799,4.326178,0.9152,0.028866,-0.000432,-0.193096
rise,0.596837,0.9152,9.391787,-0.326049,-0.20437,-0.174812
tilt,-0.038382,0.028866,-0.326049,0.045967,-0.002057,-0.001883
roll,0.009107,-0.000432,-0.20437,-0.002057,0.023777,0.006629
twist,0.014264,-0.193096,-0.174812,-0.001883,0.006629,0.063264
avg,0.051554,-1.613609,3.331308,0.053297,8.813548,29.101378
