,shift,slide,rise,tilt,roll,twist
shift,1.47331,-0.141606,0.598741,-0.021722,0.017999,0.028845
slide,-0.141606,3.833875,1.319943,-0.009133,-0.005245,-0.186573
rise,0.598741,1.319943,9.669985,-0.326129,-0.173329,-0.20465
tilt,-0.021722,-0.009133,-0.326129,0.043131,-0.00197,0.001707
roll,0.017999,-0.005245,-0.173329,-0.00197,0.022012,0.006376
twist,0.028845,-0.186573,-0.20465,0.001707,0.006376,0.061803
avg,0.053197,-1.601779,3.205673,-0.429095,7.573055,29.04061
