,shift,slide,rise,tilt,roll,twist
shift,1.604341,-0.315348,0.46296,-0.032593,0.023179,0.036417
slide,-0.315348,4.45363,1.22403,0.012634,0.003402,-0.191691
rise,0.46296,1.22403,10.119205,-0.339625,-0.165429,-0.159366
tilt,-0.032593,0.012634,-0.339625,0.047416,-0.00211,-0.001611
roll,0.023179,0.003402,-0.165429,-0.00211,0.021722,0.005226
twist,0.036417,-0.191691,-0.159366,-0.001611,0.005226,0.06379
avg,-0.007384,-1.663605,3.312862,-0.345726,8.348416,29.744243
