,shift,slide,rise,roll,twist,tilt
shift,1.719392,0.867984,0.557423,0.028443,-0.064786,-0.091582
slide,0.867984,2.282442,1.265563,-0.037494,-0.118032,0.026353
rise,0.557423,1.265563,9.988534,-0.032167,-0.153192,-0.297793
roll,0.028443,-0.037494,-0.032167,0.023804,0.01267,-0.002258
twist,-0.064786,-0.118032,-0.153192,0.01267,0.041006,-0.00027
tilt,-0.091582,0.026353,-0.297793,-0.002258,-0.00027,0.045524
avg,-0.688974,0.026505,3.403085,-2.93054,1.966682,37.967349
