,shift,slide,rise,tilt,roll,twist
shift,1.65642,-0.214041,0.670573,-0.03454,0.00537,0.032075
slide,-0.214041,3.960757,0.959675,-0.002767,0.007688,-0.193331
rise,0.670573,0.959675,9.36605,-0.310252,-0.203233,-0.210155
tilt,-0.03454,-0.002767,-0.310252,0.041549,-0.00204,0.000835
roll,0.00537,0.007688,-0.203233,-0.00204,0.024986,0.008108
twist,0.032075,-0.193331,-0.210155,0.000835,0.008108,0.065136
avg,0.091271,-1.561565,3.300076,-0.220012,8.55088,29.689012
