,shift,slide,rise,tilt,roll,twist
shift,2.342446,-0.043965,-0.04208,-0.042329,-0.001802,-0.010015
slide,-0.043965,3.471408,2.964202,0.006989,-0.070271,-0.20764
rise,-0.04208,2.964202,14.958725,-0.007678,-0.124628,-0.232846
tilt,-0.042329,0.006989,-0.007678,0.041578,-0.000383,-0.000509
roll,-0.001802,-0.070271,-0.124628,-0.000383,0.029715,0.00531
twist,-0.010015,-0.20764,-0.232846,-0.000509,0.00531,0.061098
avg,-0.029467,-1.741297,3.208746,0.100442,4.467285,28.515714
