,shift,slide,rise,tilt,roll,twist
shift,2.236954,0.01229,-0.000274,-0.041687,0.008421,0.000755
slide,0.01229,3.484415,2.784027,-0.016382,-0.05674,-0.220193
rise,-0.000274,2.784027,14.291568,-0.009065,-0.108225,-0.246821
tilt,-0.041687,-0.016382,-0.009065,0.042094,-0.00043,0.000589
roll,0.008421,-0.05674,-0.108225,-0.00043,0.03045,0.004122
twist,0.000755,-0.220193,-0.246821,0.000589,0.004122,0.058907
avg,0.028756,-1.816572,3.246525,0.18783,4.403818,28.6791
