,shift,slide,rise,tilt,roll,twist
shift,2.295227,-0.318465,0.507416,-0.08165,-0.018007,0.018967
slide,-0.318465,5.541515,0.857418,0.056347,-0.044951,-0.201947
rise,0.507416,0.857418,10.141094,-0.359151,-0.167442,-0.167223
tilt,-0.08165,0.056347,-0.359151,0.058083,-0.002455,-0.004484
roll,-0.018007,-0.044951,-0.167442,-0.002455,0.025906,0.003641
twist,0.018967,-0.201947,-0.167223,-0.004484,0.003641,0.061023
avg,0.040333,-1.793852,3.430998,0.493198,9.950427,30.054344
