,shift,slide,rise,tilt,roll,twist
shift,2.367902,-0.115787,0.526409,-0.086064,-0.018391,0.006905
slide,-0.115787,5.482524,1.243582,0.011651,-0.035699,-0.209724
rise,0.526409,1.243582,10.879502,-0.356981,-0.162421,-0.213808
tilt,-0.086064,0.011651,-0.356981,0.056753,-0.002093,-0.001073
roll,-0.018391,-0.035699,-0.162421,-0.002093,0.02678,0.003328
twist,0.006905,-0.209724,-0.213808,-0.001073,0.003328,0.063097
avg,0.038096,-1.833669,3.358454,-0.477349,9.029725,30.336319
