,shift,slide,rise,tilt,roll,twist
shift,2.1709,-0.282789,0.352263,-0.080164,-0.015962,0.007643
slide,-0.282789,5.769256,1.322733,0.039522,-0.036525,-0.206535
rise,0.352263,1.322733,10.992107,-0.383778,-0.122472,-0.172196
tilt,-0.080164,0.039522,-0.383778,0.060535,-0.002215,-0.004129
roll,-0.015962,-0.036525,-0.122472,-0.002215,0.025681,0.00129
twist,0.007643,-0.206535,-0.172196,-0.004129,0.00129,0.062279
avg,0.008806,-1.819057,3.378343,0.425924,8.980644,29.947641
