,shift,slide,rise,roll,twist,tilt
shift,1.208585,-0.063263,-0.46842,-0.004317,-0.016354,-0.043212
slide,-0.063263,4.1566,3.166082,0.013457,-0.095456,0.015902
rise,-0.46842,3.166082,11.912011,0.10247,-0.213032,-0.052431
roll,-0.004317,0.013457,0.10247,0.028868,0.013767,-0.004936
twist,-0.016354,-0.095456,-0.213032,0.013767,0.036468,-0.005338
tilt,-0.043212,0.015902,-0.052431,-0.004936,-0.005338,0.044284
avg,-0.392469,-0.466137,3.198311,-0.218023,0.273838,29.416017
