,shift,slide,rise,tilt,roll,twist
shift,1.287417,0.009312,0.053907,-0.014853,0.007261,-0.005233
slide,0.009312,2.991033,2.766578,0.042001,-0.081826,-0.178586
rise,0.053907,2.766578,12.617772,-0.01396,-0.174273,-0.23271
tilt,-0.014853,0.042001,-0.01396,0.034358,-0.002963,-0.003414
roll,0.007261,-0.081826,-0.174273,-0.002963,0.024845,0.00634
twist,-0.005233,-0.178586,-0.23271,-0.003414,0.00634,0.051655
avg,0.085714,-1.661783,3.23718,0.305534,6.689264,28.044809
