,shift,slide,rise,roll,twist,tilt
shift,0.568843,0.297678,-0.321445,0.006448,0.002573,-0.038871
slide,0.297678,2.717826,0.511104,0.028628,-0.128111,0.014398
rise,-0.321445,0.511104,8.557255,-0.110612,-0.215297,0.048028
roll,0.006448,0.028628,-0.110612,0.019258,0.012583,0.000631
twist,0.002573,-0.128111,-0.215297,0.012583,0.030837,0.001806
tilt,-0.038871,0.014398,0.048028,0.000631,0.001806,0.026043
avg,-0.825334,0.080559,3.166025,-2.35254,5.86668,34.443082
