,shift,slide,rise,roll,twist,tilt
shift,0.382412,0.012478,-0.038619,0.006008,0.003501,-0.042518
slide,0.012478,3.165936,0.366026,0.019675,-0.167876,-0.002335
rise,-0.038619,0.366026,9.367096,-0.140314,-0.245673,0.005624
roll,0.006008,0.019675,-0.140314,0.021383,0.014473,-0.000351
twist,0.003501,-0.167876,-0.245673,0.014473,0.031063,0.00011
tilt,-0.042518,-0.002335,0.005624,-0.000351,0.00011,0.02686
avg,-0.127064,0.133588,3.003231,-0.211944,5.785139,31.550046
