,shift,slide,rise,roll,twist,tilt
shift,0.491339,0.16975,-0.319541,0.010885,-0.011583,-0.050453
slide,0.16975,2.466489,0.961197,0.022882,-0.124924,0.016375
rise,-0.319541,0.961197,7.979089,-0.092915,-0.224726,0.025955
roll,0.010885,0.022882,-0.092915,0.017253,0.012085,0.000487
twist,-0.011583,-0.124924,-0.224726,0.012085,0.031359,0.000122
tilt,-0.050453,0.016375,0.025955,0.000487,0.000122,0.027208
avg,-0.281437,0.101832,3.264833,-1.18733,4.963497,36.112468
