,shift,slide,rise,roll,twist,tilt
shift,1.276742,-0.50865,-0.716275,0.006587,0.001223,-0.096012
slide,-0.50865,2.863993,0.951722,-0.044256,-0.137263,-0.025807
rise,-0.716275,0.951722,11.538192,0.005999,-0.152848,0.358061
roll,0.006587,-0.044256,0.005999,0.022736,0.009536,0.004745
twist,0.001223,-0.137263,-0.152848,0.009536,0.030405,0.000153
tilt,-0.096012,-0.025807,0.358061,0.004745,0.000153,0.050272
avg,0.644053,0.065008,3.294684,2.706382,0.872074,35.775174
