,shift,slide,rise,roll,twist,tilt
shift,1.417897,-0.60762,-1.094308,-0.028218,-0.000966,-0.125003
slide,-0.60762,2.438941,1.187993,-0.037605,-0.119793,0.018125
rise,-1.094308,1.187993,11.023793,-0.003771,-0.166461,0.367103
roll,-0.028218,-0.037605,-0.003771,0.023961,0.011283,0.005459
twist,-0.000966,-0.119793,-0.166461,0.011283,0.032329,-0.001865
tilt,-0.125003,0.018125,0.367103,0.005459,-0.001865,0.050763
avg,0.337008,-0.022927,3.390224,1.043622,1.111029,37.699268
