,shift,slide,rise,roll,twist,tilt
shift,0.769408,-0.023629,-0.461413,0.006032,0.003681,-0.05666
slide,-0.023629,2.946409,0.545407,0.01794,-0.122361,-0.004906
rise,-0.461413,0.545407,9.087659,-0.145287,-0.258423,-0.008732
roll,0.006032,0.01794,-0.145287,0.02216,0.011936,0.00142
twist,0.003681,-0.122361,-0.258423,0.011936,0.025873,4e-06
tilt,-0.05666,-0.004906,-0.008732,0.00142,4e-06,0.028922
avg,0.156084,0.031304,3.021535,1.356529,7.561039,28.892398
