,shift,slide,rise,roll,twist,tilt
shift,0.744892,-0.123787,-0.420392,-0.010897,0.012711,-0.071067
slide,-0.123787,2.539677,0.747662,0.012803,-0.108192,0.025726
rise,-0.420392,0.747662,8.33055,-0.081088,-0.21735,-0.00583
roll,-0.010897,0.012803,-0.081088,0.017644,0.008188,0.002791
twist,0.012711,-0.108192,-0.21735,0.008188,0.022419,-0.000507
tilt,-0.071067,0.025726,-0.00583,0.002791,-0.000507,0.028527
avg,0.159435,-0.049523,3.164509,0.437305,5.701494,33.797839
