,shift,slide,rise,tilt,roll,twist
shift,2.254725,0.176813,-0.025244,0.046206,0.005247,0.002961
slide,0.176813,5.128471,0.409233,-0.022838,-0.055978,-0.087945
rise,-0.025244,0.409233,5.423908,-0.004425,-0.128273,-0.11921
tilt,0.046206,-0.022838,-0.004425,0.027225,0.000378,0.001491
roll,0.005247,-0.055978,-0.128273,0.000378,0.016373,0.003167
twist,0.002961,-0.087945,-0.11921,0.001491,0.003167,0.062314
avg,-0.023753,-1.29347,3.301299,-0.060422,14.159686,31.736885
