,shift,slide,rise,tilt,roll,twist
shift,2.063225,-0.023048,0.037583,0.041785,0.00091,0.010231
slide,-0.023048,5.694959,0.316606,0.005579,-0.062398,-0.126967
rise,0.037583,0.316606,6.131034,0.003639,-0.123699,-0.078162
tilt,0.041785,0.005579,0.003639,0.031026,-0.000173,-7.5e-05
roll,0.00091,-0.062398,-0.123699,-0.000173,0.017138,0.001878
twist,0.010231,-0.126967,-0.078162,-7.5e-05,0.001878,0.06431
avg,-0.023257,-1.34795,3.282734,0.282763,12.57143,31.641229
