,shift,slide,rise,tilt,roll,twist
shift,2.180932,-0.029617,-0.01241,0.03796,-0.001542,-0.003833
slide,-0.029617,5.337111,0.299423,-0.002598,-0.050586,-0.099487
rise,-0.01241,0.299423,5.530728,-0.023381,-0.134282,-0.099206
tilt,0.03796,-0.002598,-0.023381,0.027368,-0.000669,-9.6e-05
roll,-0.001542,-0.050586,-0.134282,-0.000669,0.017476,0.003188
twist,-0.003833,-0.099487,-0.099206,-9.6e-05,0.003188,0.062331
avg,0.025566,-1.318366,3.356352,0.573298,14.448327,31.778935
