,shift,slide,rise,tilt,roll,twist
shift,1.683164,0.245379,-0.592951,-0.035322,-0.023742,-0.034512
slide,0.245379,4.516342,1.116425,-0.007512,0.014031,-0.20332
rise,-0.592951,1.116425,10.713158,0.355479,-0.184495,-0.184314
tilt,-0.035322,-0.007512,0.355479,0.04765,0.002156,-0.000153
roll,-0.023742,0.014031,-0.184495,0.002156,0.023292,0.005309
twist,-0.034512,-0.20332,-0.184314,-0.000153,0.005309,0.067683
avg,-0.067705,-1.595923,3.216057,1.03962,6.967142,29.611936
