,shift,slide,rise,tilt,roll,twist
shift,1.664975,0.29316,-0.526081,-0.033485,-0.029938,-0.037444
slide,0.29316,4.60706,1.152118,-0.011807,0.019541,-0.208352
rise,-0.526081,1.152118,10.749773,0.349706,-0.176861,-0.197663
tilt,-0.033485,-0.011807,0.349706,0.046867,0.001873,-0.000109
roll,-0.029938,0.019541,-0.176861,0.001873,0.023163,0.006428
twist,-0.037444,-0.208352,-0.197663,-0.000109,0.006428,0.065963
avg,-0.088796,-1.661699,3.24215,0.713415,7.214768,29.566694
