,shift,slide,rise,tilt,roll,twist
shift,1.574787,-0.442972,-0.05992,-0.006248,-0.009532,-0.008968
slide,-0.442972,5.023177,1.002046,0.051325,-0.065605,-0.139755
rise,-0.05992,1.002046,5.544579,0.001998,-0.132985,-0.093232
tilt,-0.006248,0.051325,0.001998,0.033299,-0.001141,-0.002707
roll,-0.009532,-0.065605,-0.132985,-0.001141,0.018127,0.000569
twist,-0.008968,-0.139755,-0.093232,-0.002707,0.000569,0.062067
avg,-0.003795,-1.364967,3.425611,0.369813,12.381917,32.304546
