,shift,slide,rise,tilt,roll,twist
shift,1.589291,-0.260121,-0.009816,-0.010661,-0.014716,-0.009542
slide,-0.260121,4.946524,1.123854,0.025785,-0.077092,-0.147144
rise,-0.009816,1.123854,5.568971,0.025171,-0.124292,-0.098314
tilt,-0.010661,0.025785,0.025171,0.033844,-0.000753,-0.001252
roll,-0.014716,-0.077092,-0.124292,-0.000753,0.018324,0.000601
twist,-0.009542,-0.147144,-0.098314,-0.001252,0.000601,0.060902
avg,-0.059246,-1.396966,3.392641,-1.421021,11.94181,32.62264
