,shift,slide,rise,tilt,roll,twist
shift,1.646666,-0.159013,0.208077,0.004826,0.011782,0.030877
slide,-0.159013,4.153755,0.65685,0.053141,-0.005947,-0.179701
rise,0.208077,0.65685,9.665623,-0.276454,-0.234746,-0.228883
tilt,0.004826,0.053141,-0.276454,0.034644,0.000958,0.001912
roll,0.011782,-0.005947,-0.234746,0.000958,0.021722,0.00721
twist,0.030877,-0.179701,-0.228883,0.001912,0.00721,0.063175
avg,-0.032273,-1.512808,3.256122,-0.492979,8.809853,28.629103
