,shift,slide,rise,tilt,roll,twist
shift,1.454466,-0.106672,0.371373,0.002944,0.006805,0.018458
slide,-0.106672,3.645156,0.922821,0.01638,-0.010363,-0.163078
rise,0.371373,0.922821,9.374968,-0.263979,-0.210302,-0.246787
tilt,0.002944,0.01638,-0.263979,0.032148,0.00183,0.005406
roll,0.006805,-0.010363,-0.210302,0.00183,0.020528,0.007262
twist,0.018458,-0.163078,-0.246787,0.005406,0.007262,0.056094
avg,-0.076848,-1.56962,3.209081,-0.100789,8.224052,28.253014
