,shift,slide,rise,tilt,roll,twist
shift,1.524884,-0.11371,0.112609,0.00643,0.016283,0.027841
slide,-0.11371,4.317926,0.844539,0.041948,0.003491,-0.199401
rise,0.112609,0.844539,10.447741,-0.293223,-0.20865,-0.199965
tilt,0.00643,0.041948,-0.293223,0.035696,0.001149,0.001157
roll,0.016283,0.003491,-0.20865,0.001149,0.021581,0.005855
twist,0.027841,-0.199401,-0.199965,0.001157,0.005855,0.05491
avg,-0.032071,-1.539228,3.183931,-0.791959,7.274836,28.592336
