,shift,slide,rise,roll,twist,tilt
shift,2.09594,1.072345,0.692684,0.01883,0.013639,-0.045998
slide,1.072345,3.732559,1.693924,-0.044501,-0.207895,-0.004122
rise,0.692684,1.693924,9.73822,-0.045795,-0.185056,-0.267465
roll,0.01883,-0.044501,-0.045795,0.024085,0.008108,0.000692
twist,0.013639,-0.207895,-0.185056,0.008108,0.046908,0.005817
tilt,-0.045998,-0.004122,-0.267465,0.000692,0.005817,0.047721
avg,-0.301176,-0.435984,3.374798,-2.703486,-0.132742,37.169307
