,shift,slide,rise,tilt,roll,twist
shift,1.46599,-0.055179,0.315877,0.003891,-0.005001,0.025224
slide,-0.055179,3.918225,0.699334,0.029463,-0.009299,-0.184071
rise,0.315877,0.699334,9.174519,-0.26484,-0.228744,-0.228011
tilt,0.003891,0.029463,-0.26484,0.032207,0.001105,0.002083
roll,-0.005001,-0.009299,-0.228744,0.001105,0.02254,0.007776
twist,0.025224,-0.184071,-0.228011,0.002083,0.007776,0.059034
avg,-0.007748,-1.493735,3.284498,0.528707,9.249599,28.687029
