,shift,slide,rise,tilt,roll,twist
shift,1.240281,-0.024295,-0.378288,0.004931,-0.006878,0.010042
slide,-0.024295,3.111958,2.997693,-0.027443,-0.068568,-0.192704
rise,-0.378288,2.997693,13.590532,0.008176,-0.178469,-0.234515
tilt,0.004931,-0.027443,0.008176,0.031411,0.003732,0.001898
roll,-0.006878,-0.068568,-0.178469,0.003732,0.024948,0.005489
twist,0.010042,-0.192704,-0.234515,0.001898,0.005489,0.058201
avg,-0.287775,-1.574152,3.142271,0.360592,5.319062,27.850158
