,shift,slide,rise,tilt,roll,twist
shift,1.293044,0.101908,-0.106016,-0.015356,-0.00555,-0.012939
slide,0.101908,3.042279,2.61674,-0.048498,-0.05607,-0.220236
rise,-0.106016,2.61674,12.796409,-0.020937,-0.173175,-0.286794
tilt,-0.015356,-0.048498,-0.020937,0.031541,0.002942,0.003
roll,-0.00555,-0.05607,-0.173175,0.002942,0.024844,0.004171
twist,-0.012939,-0.220236,-0.286794,0.003,0.004171,0.057405
avg,-0.108774,-1.853312,3.223978,0.038771,5.484373,28.103281
