,shift,slide,rise,tilt,roll,twist
shift,1.145007,0.018926,-0.287629,-0.000591,0.000483,0.004344
slide,0.018926,2.875675,2.656462,-0.033053,-0.069382,-0.171289
rise,-0.287629,2.656462,12.750305,-0.011746,-0.183926,-0.224373
tilt,-0.000591,-0.033053,-0.011746,0.03114,0.002995,0.002741
roll,0.000483,-0.069382,-0.183926,0.002995,0.025229,0.004709
twist,0.004344,-0.171289,-0.224373,0.002741,0.004709,0.04857
avg,-0.048627,-1.654332,3.199405,0.09354,6.116989,28.112626
