,shift,slide,rise,roll,twist,tilt
shift,1.812687,0.128413,0.165503,0.018314,0.017586,-0.054731
slide,0.128413,4.356129,3.330906,0.012681,-0.130481,0.015298
rise,0.165503,3.330906,11.380139,0.061978,-0.229899,0.041398
roll,0.018314,0.012681,0.061978,0.030479,0.006559,0.006536
twist,0.017586,-0.130481,-0.229899,0.006559,0.042503,0.003379
tilt,-0.054731,0.015298,0.041398,0.006536,0.003379,0.047615
avg,0.052474,-0.837289,3.429989,-2.01798,-1.463369,33.214951
