,shift,slide,rise,tilt,roll,twist
shift,1.219258,0.090217,-0.110459,-0.014284,-0.007994,-0.002054
slide,0.090217,3.113224,2.748879,-0.020399,-0.050719,-0.213748
rise,-0.110459,2.748879,12.899053,0.019075,-0.165332,-0.275179
tilt,-0.014284,-0.020399,0.019075,0.030601,0.002917,0.00231
roll,-0.007994,-0.050719,-0.165332,0.002917,0.026219,0.004891
twist,-0.002054,-0.213748,-0.275179,0.00231,0.004891,0.057762
avg,-0.147518,-1.828918,3.25617,-0.548916,5.407129,28.85792
