,shift,slide,rise,tilt,roll,twist
shift,1.477524,-0.322653,0.069248,-0.037964,-0.006762,0.039553
slide,-0.322653,4.728288,0.890222,0.049504,-0.026987,-0.199214
rise,0.069248,0.890222,9.526508,-0.262515,-0.187279,-0.212994
tilt,-0.037964,0.049504,-0.262515,0.038228,0.00139,-0.000416
roll,-0.006762,-0.026987,-0.187279,0.00139,0.021261,0.002787
twist,0.039553,-0.199214,-0.212994,-0.000416,0.002787,0.063551
avg,-0.087334,-1.657678,3.33018,0.139922,9.025326,29.659784
