,shift,slide,rise,tilt,roll,twist
shift,1.515901,-0.285044,-0.068335,-0.030582,0.003256,0.042271
slide,-0.285044,5.11529,1.019628,0.059001,-0.01497,-0.225546
rise,-0.068335,1.019628,10.754169,-0.296439,-0.139476,-0.201535
tilt,-0.030582,0.059001,-0.296439,0.041698,0.000714,-0.000893
roll,0.003256,-0.01497,-0.139476,0.000714,0.021825,0.001851
twist,0.042271,-0.225546,-0.201535,-0.000893,0.001851,0.068029
avg,-0.16504,-1.666262,3.213519,0.301746,6.887672,28.911375
