,shift,slide,rise,roll,twist,tilt
shift,1.917563,-0.235646,-0.164263,-0.011346,-0.008892,-0.00493
slide,-0.235646,5.03636,3.152193,-0.07332,-0.108366,-0.017849
rise,-0.164263,3.152193,11.395968,0.048639,-0.152335,-0.025576
roll,-0.011346,-0.07332,0.048639,0.030558,0.011888,0.000128
twist,-0.008892,-0.108366,-0.152335,0.011888,0.045058,-0.00134
tilt,-0.00493,-0.017849,-0.025576,0.000128,-0.00134,0.046563
avg,0.222516,-0.839062,3.257556,0.469236,-1.874864,30.351082
