,shift,slide,rise,roll,twist,tilt
shift,2.421723,-0.019554,-0.058562,0.007042,-0.010286,-0.028646
slide,-0.019554,5.69571,3.048669,-0.09114,-0.13362,0.011248
rise,-0.058562,3.048669,11.193725,0.034055,-0.179508,0.006445
roll,0.007042,-0.09114,0.034055,0.03295,0.013787,0.000498
twist,-0.010286,-0.13362,-0.179508,0.013787,0.054416,-0.000241
tilt,-0.028646,0.011248,0.006445,0.000498,-0.000241,0.048225
avg,-0.042715,-0.798494,3.280323,-0.243438,-1.922663,31.247673
