,shift,slide,rise,roll,twist,tilt
shift,1.760961,-0.213148,-0.172069,0.002812,-0.025504,-0.010418
slide,-0.213148,5.070627,3.159077,-0.062424,-0.081747,0.000981
rise,-0.172069,3.159077,11.07634,0.039526,-0.171019,-0.027385
roll,0.002812,-0.062424,0.039526,0.028796,0.012196,0.000192
twist,-0.025504,-0.081747,-0.171019,0.012196,0.042778,-0.000734
tilt,-0.010418,0.000981,-0.027385,0.000192,-0.000734,0.046144
avg,0.15568,-0.778203,3.281426,0.257141,-1.589055,30.720366
