,shift,slide,rise,roll,twist,tilt
shift,2.47153,0.000177,-0.04508,0.027613,-0.038054,-0.018784
slide,0.000177,5.188317,3.170306,-0.053125,-0.111009,-0.001801
rise,-0.04508,3.170306,11.237874,0.043279,-0.179407,-0.005297
roll,0.027613,-0.053125,0.043279,0.034294,0.01018,9e-05
twist,-0.038054,-0.111009,-0.179407,0.01018,0.052517,0.00267
tilt,-0.018784,-0.001801,-0.005297,9e-05,0.00267,0.04568
avg,-0.045193,-0.886,3.321697,-0.397398,-2.281216,31.789277
