,shift,slide,rise,tilt,roll,twist
shift,1.081136,-0.087853,-0.15717,0.01032,-0.007598,0.005012
slide,-0.087853,3.648309,3.146467,0.027311,-0.088117,-0.168762
rise,-0.15717,3.146467,11.716148,-0.016141,-0.26251,-0.219247
tilt,0.01032,0.027311,-0.016141,0.024931,-0.000831,-0.000302
roll,-0.007598,-0.088117,-0.26251,-0.000831,0.02448,0.006577
twist,0.005012,-0.168762,-0.219247,-0.000302,0.006577,0.060698
avg,0.09622,-1.397285,3.165955,0.1159,7.546072,28.479326
