,shift,slide,rise,tilt,roll,twist
shift,0.978808,-0.01181,-0.047548,0.008262,-0.002861,-0.000769
slide,-0.01181,3.175678,3.090162,0.008189,-0.064696,-0.214508
rise,-0.047548,3.090162,12.622172,-0.00711,-0.198738,-0.24587
tilt,0.008262,0.008189,-0.00711,0.024792,0.000174,-4.1e-05
roll,-0.002861,-0.064696,-0.198738,0.000174,0.022986,0.004853
twist,-0.000769,-0.214508,-0.24587,-4.1e-05,0.004853,0.060574
avg,-0.018615,-1.602031,3.11266,0.128732,5.128494,27.789972
