,shift,slide,rise,tilt,roll,twist
shift,1.060799,-0.007047,-0.147481,0.005998,0.001653,0.005066
slide,-0.007047,3.509194,3.169319,0.010155,-0.080664,-0.187883
rise,-0.147481,3.169319,12.25758,-0.006201,-0.232099,-0.226914
tilt,0.005998,0.010155,-0.006201,0.026183,0.000107,0.000222
roll,0.001653,-0.080664,-0.232099,0.000107,0.02451,0.006142
twist,0.005066,-0.187883,-0.226914,0.000222,0.006142,0.062124
avg,-0.024274,-1.482593,3.166659,0.254787,7.017096,28.392203
