,shift,slide,rise,tilt,roll,twist
shift,0.940911,-0.016763,-0.050475,0.003118,-0.003363,0.005783
slide,-0.016763,3.187614,3.106525,0.01336,-0.06841,-0.176204
rise,-0.050475,3.106525,11.794541,-0.003755,-0.218959,-0.230269
tilt,0.003118,0.01336,-0.003755,0.023337,-0.000421,0.000616
roll,-0.003363,-0.06841,-0.218959,-0.000421,0.023212,0.004861
twist,0.005783,-0.176204,-0.230269,0.000616,0.004861,0.049525
avg,0.012262,-1.558285,3.181158,0.178548,6.435561,28.729942
