,shift,slide,rise,tilt,roll,twist
shift,1.733765,0.188018,-0.003143,-0.014455,0.014976,-0.003762
slide,0.188018,4.613764,1.091902,-0.01479,-0.073521,-0.134667
rise,-0.003143,1.091902,5.257191,-0.051702,-0.12933,-0.107235
tilt,-0.014455,-0.01479,-0.051702,0.031601,-0.000276,0.000463
roll,0.014976,-0.073521,-0.12933,-0.000276,0.018014,0.001053
twist,-0.003762,-0.134667,-0.107235,0.000463,0.001053,0.060653
avg,0.069806,-1.382907,3.459813,2.242152,12.710127,32.621061
