,shift,slide,rise,roll,twist,tilt
shift,0.863728,0.196198,0.236128,0.013579,-0.049169,-0.097826
slide,0.196198,2.978542,1.207329,0.021707,-0.127175,-0.009516
rise,0.236128,1.207329,7.39737,-0.068475,-0.218489,0.025508
roll,0.013579,0.021707,-0.068475,0.016679,0.007558,-0.000964
twist,-0.049169,-0.127175,-0.218489,0.007558,0.031967,0.001711
tilt,-0.097826,-0.009516,0.025508,-0.000964,0.001711,0.031085
avg,-0.200851,-0.066524,3.351981,-0.927596,6.067468,36.755262
