,shift,slide,rise,tilt,roll,twist
shift,1.49078,0.287585,-0.036046,-0.007235,0.010072,-0.002851
slide,0.287585,4.635706,1.11842,-0.012554,-0.066666,-0.149621
rise,-0.036046,1.11842,5.188457,-0.051124,-0.139711,-0.120867
tilt,-0.007235,-0.012554,-0.051124,0.030356,-0.000603,0.000745
roll,0.010072,-0.066666,-0.139711,-0.000603,0.01942,0.001806
twist,-0.002851,-0.149621,-0.120867,0.000745,0.001806,0.059802
avg,0.154342,-1.382826,3.386398,2.086074,12.277628,32.170243
