,shift,slide,rise,tilt,roll,twist
shift,1.990111,0.137617,-0.424357,-0.070758,0.015291,-0.00526
slide,0.137617,5.46431,1.36172,-0.007786,-0.038736,-0.195731
rise,-0.424357,1.36172,11.223918,0.381401,-0.130157,-0.192123
tilt,-0.070758,-0.007786,0.381401,0.058059,0.002183,0.002684
roll,0.015291,-0.038736,-0.130157,0.002183,0.025345,0.002758
twist,-0.00526,-0.195731,-0.192123,0.002684,0.002758,0.061279
avg,0.009379,-1.861463,3.247142,1.101201,7.536983,29.433421
