,shift,slide,rise,tilt,roll,twist
shift,1.249381,-0.124054,0.058461,-0.059518,-0.000942,0.015947
slide,-0.124054,4.193114,1.690354,0.01464,-0.061185,-0.2055
rise,0.058461,1.690354,4.533499,-0.027016,-0.10262,-0.104808
tilt,-0.059518,0.01464,-0.027016,0.033134,-0.001504,-0.003041
roll,-0.000942,-0.061185,-0.10262,-0.001504,0.017169,-0.00325
twist,0.015947,-0.2055,-0.104808,-0.003041,-0.00325,0.058319
avg,0.032766,-1.562933,3.498646,1.126714,10.635812,32.233729
