,shift,slide,rise,tilt,roll,twist
shift,1.309559,0.039077,0.020959,-0.06336,-0.00462,-0.001549
slide,0.039077,4.221651,1.773536,0.005123,-0.064864,-0.195511
rise,0.020959,1.773536,5.001342,-0.003542,-0.09558,-0.10516
tilt,-0.06336,0.005123,-0.003542,0.03525,-0.00049,-9.8e-05
roll,-0.00462,-0.064864,-0.09558,-0.00049,0.018381,-0.002151
twist,-0.001549,-0.195511,-0.10516,-9.8e-05,-0.002151,0.058347
avg,0.007349,-1.532056,3.321146,0.639996,9.007221,31.969916
