,shift,slide,rise,tilt,roll,twist
shift,1.133475,-0.122239,-0.116584,-0.073181,0.005725,-0.005675
slide,-0.122239,4.326909,1.611304,0.014634,-0.056004,-0.203335
rise,-0.116584,1.611304,4.643454,0.005618,-0.072202,-0.07812
tilt,-0.073181,0.014634,0.005618,0.036411,0.001149,0.000547
roll,0.005725,-0.056004,-0.072202,0.001149,0.017522,-0.004312
twist,-0.005675,-0.203335,-0.07812,0.000547,-0.004312,0.056126
avg,-0.012401,-1.603212,3.538792,1.11127,10.056002,32.27378
