,shift,slide,rise,roll,twist,tilt
shift,1.454318,-0.631367,-0.29048,-0.015012,-0.094646,-0.041809
slide,-0.631367,3.097083,1.813981,-0.033817,-0.093245,0.006513
rise,-0.29048,1.813981,11.063429,-0.04071,-0.234335,0.276668
roll,-0.015012,-0.033817,-0.04071,0.021516,0.008625,-0.003444
twist,-0.094646,-0.093245,-0.234335,0.008625,0.0399,-0.009001
tilt,-0.041809,0.006513,0.276668,-0.003444,-0.009001,0.053731
avg,0.628483,-0.219548,3.254164,3.316217,1.450484,34.568777
