,shift,slide,rise,roll,twist,tilt
shift,1.905648,-0.3948,-0.351056,-0.03306,-0.062959,-0.075524
slide,-0.3948,2.822568,1.849392,-0.070205,-0.095714,0.017443
rise,-0.351056,1.849392,9.005786,-0.077001,-0.230422,0.233321
roll,-0.03306,-0.070205,-0.077001,0.027084,0.006994,-0.003755
twist,-0.062959,-0.095714,-0.230422,0.006994,0.034463,-0.008496
tilt,-0.075524,0.017443,0.233321,-0.003755,-0.008496,0.049407
avg,0.155725,-0.737897,3.435395,2.302883,2.87327,34.079779
