,shift,slide,rise,tilt,roll,twist
shift,1.663,0.096231,-0.100993,-0.039809,-0.000955,-0.039813
slide,0.096231,4.384832,1.016676,-0.008828,-0.019729,-0.208858
rise,-0.100993,1.016676,10.189209,0.275636,-0.182485,-0.207409
tilt,-0.039809,-0.008828,0.275636,0.039502,-0.001939,-0.001183
roll,-0.000955,-0.019729,-0.182485,-0.001939,0.02367,0.003153
twist,-0.039813,-0.208858,-0.207409,-0.001183,0.003153,0.061867
avg,0.145187,-1.687133,3.210708,1.714931,7.589895,29.22686
