,shift,slide,rise,tilt,roll,twist
shift,1.572523,0.204117,-0.10659,-0.036361,0.002295,-0.035451
slide,0.204117,4.854745,1.036967,-0.024495,-0.018025,-0.230142
rise,-0.10659,1.036967,10.047083,0.265387,-0.181724,-0.231966
tilt,-0.036361,-0.024495,0.265387,0.038198,-0.001463,-0.001313
roll,0.002295,-0.018025,-0.181724,-0.001463,0.02313,0.003722
twist,-0.035451,-0.230142,-0.231966,-0.001313,0.003722,0.066089
avg,0.218568,-1.745751,3.260406,0.799503,7.617121,29.523238
