,shift,slide,rise,tilt,roll,twist
shift,1.78989,-0.454817,0.542221,-0.043584,0.027863,0.027418
slide,-0.454817,4.361231,0.991698,0.040321,-0.01184,-0.175973
rise,0.542221,0.991698,9.506572,-0.350261,-0.173034,-0.194856
tilt,-0.043584,0.040321,-0.350261,0.044537,0.000142,-0.002296
roll,0.027863,-0.01184,-0.173034,0.000142,0.019362,0.007538
twist,0.027418,-0.175973,-0.194856,-0.002296,0.007538,0.062108
avg,0.065111,-1.619228,3.332904,0.208497,8.553662,29.693074
