,shift,slide,rise,tilt,roll,twist
shift,1.59779,-0.220816,0.869128,-0.029698,0.006694,0.034174
slide,-0.220816,4.408651,1.057702,0.014064,0.007888,-0.210877
rise,0.869128,1.057702,10.453065,-0.330555,-0.198079,-0.238843
tilt,-0.029698,0.014064,-0.330555,0.042456,-0.001835,0.001833
roll,0.006694,0.007888,-0.198079,-0.001835,0.024175,0.007576
twist,0.034174,-0.210877,-0.238843,0.001833,0.007576,0.06645
avg,0.182974,-1.583344,3.107231,-1.462244,6.377488,28.892895
