,shift,slide,rise,tilt,roll,twist
shift,1.723357,-0.365686,0.588358,-0.037285,0.027342,0.046665
slide,-0.365686,4.871664,1.099826,0.038651,0.008125,-0.206631
rise,0.588358,1.099826,11.173688,-0.355909,-0.17656,-0.192739
tilt,-0.037285,0.038651,-0.355909,0.048312,-0.002265,-0.001112
roll,0.027342,0.008125,-0.17656,-0.002265,0.022449,0.005613
twist,0.046665,-0.206631,-0.192739,-0.001112,0.005613,0.066498
avg,0.134343,-1.612164,3.189425,-1.043554,6.972087,29.305715
