,shift,slide,rise,roll,twist,tilt
shift,1.764996,0.919054,0.709654,0.009658,-0.073013,-0.107779
slide,0.919054,2.775844,1.548194,-0.024564,-0.175757,0.018134
rise,0.709654,1.548194,10.025736,-0.039648,-0.171093,-0.280334
roll,0.009658,-0.024564,-0.039648,0.022034,0.007804,-0.003289
twist,-0.073013,-0.175757,-0.171093,0.007804,0.041863,0.000569
tilt,-0.107779,0.018134,-0.280334,-0.003289,0.000569,0.046098
avg,-0.421016,-0.189337,3.440421,-1.558227,0.837206,39.023354
