,shift,slide,rise,tilt,roll,twist
shift,1.597307,-0.293358,0.795707,-0.038831,0.007295,0.018208
slide,-0.293358,4.297466,0.905407,0.007879,0.004705,-0.190826
rise,0.795707,0.905407,9.611798,-0.325658,-0.197503,-0.21395
tilt,-0.038831,0.007879,-0.325658,0.042557,-0.002035,0.00177
roll,0.007295,0.004705,-0.197503,-0.002035,0.023952,0.006732
twist,0.018208,-0.190826,-0.21395,0.00177,0.006732,0.060752
avg,0.212563,-1.612903,3.2201,-0.947223,7.652139,29.170804
