,shift,slide,rise,tilt,roll,twist
shift,2.480017,-0.041308,-0.074877,-0.044702,-0.001095,0.003014
slide,-0.041308,3.642707,3.072419,0.022183,-0.059251,-0.217011
rise,-0.074877,3.072419,15.262912,0.017901,-0.125094,-0.257859
tilt,-0.044702,0.022183,0.017901,0.041609,0.000716,-0.000722
roll,-0.001095,-0.059251,-0.125094,0.000716,0.030884,0.004662
twist,0.003014,-0.217011,-0.257859,-0.000722,0.004662,0.061612
avg,-0.005033,-1.765801,3.204255,-0.266449,3.92856,28.783889
