,shift,slide,rise,tilt,roll,twist
shift,2.586021,0.000784,0.034316,-0.05144,-0.000168,0.009723
slide,0.000784,4.096393,3.089388,0.016753,-0.029036,-0.263913
rise,0.034316,3.089388,15.866903,0.013892,-0.082789,-0.292773
tilt,-0.05144,0.016753,0.013892,0.04295,0.000389,-0.000196
roll,-0.000168,-0.029036,-0.082789,0.000389,0.032274,0.002814
twist,0.009723,-0.263913,-0.292773,-0.000196,0.002814,0.062285
avg,-0.020149,-1.962678,3.215977,-0.128919,3.272612,28.343606
