,shift,slide,rise,tilt,roll,twist
shift,2.471885,-0.010413,-0.025088,-0.046555,0.003189,0.013499
slide,-0.010413,3.7926,3.036354,0.031244,-0.0515,-0.239299
rise,-0.025088,3.036354,15.335197,0.038722,-0.116056,-0.27205
tilt,-0.046555,0.031244,0.038722,0.041976,0.001189,-0.000781
roll,0.003189,-0.0515,-0.116056,0.001189,0.031724,0.004197
twist,0.013499,-0.239299,-0.27205,-0.000781,0.004197,0.061555
avg,-0.004438,-1.859562,3.232558,-0.435945,4.052248,28.68765
