,shift,slide,rise,roll,twist,tilt
shift,2.505696,-0.206835,-0.112079,-0.004871,0.006482,-0.131422
slide,-0.206835,3.531909,3.083172,0.017438,-0.116657,0.024553
rise,-0.112079,3.083172,11.972685,0.105842,-0.219743,0.01673
roll,-0.004871,0.017438,0.105842,0.03007,0.007865,0.00086
twist,0.006482,-0.116657,-0.219743,0.007865,0.043258,-0.001856
tilt,-0.131422,0.024553,0.01673,0.00086,-0.001856,0.044355
avg,0.079581,-0.804361,3.561501,-0.786816,-0.856809,37.594859
