,shift,slide,rise,tilt,roll,twist
shift,2.609683,-0.001267,-0.020376,-0.052524,-0.011269,0.006342
slide,-0.001267,4.030668,3.219418,0.030526,-0.037855,-0.249458
rise,-0.020376,3.219418,15.148963,0.039899,-0.121872,-0.289765
tilt,-0.052524,0.030526,0.039899,0.040965,0.000887,-0.00098
roll,-0.011269,-0.037855,-0.121872,0.000887,0.032643,0.004137
twist,0.006342,-0.249458,-0.289765,-0.00098,0.004137,0.062537
avg,0.009417,-1.869543,3.25216,-0.617959,3.880962,29.319209
