,shift,slide,rise,tilt,roll,twist
shift,2.688546,-0.455351,0.592145,-0.101657,-0.014648,0.053563
slide,-0.455351,5.728322,0.727456,0.072949,-0.037148,-0.207788
rise,0.592145,0.727456,10.495109,-0.358757,-0.187479,-0.200625
tilt,-0.101657,0.072949,-0.358757,0.058605,-0.002642,-0.004713
roll,-0.014648,-0.037148,-0.187479,-0.002642,0.027427,0.004046
twist,0.053563,-0.207788,-0.200625,-0.004713,0.004046,0.066037
avg,0.007191,-1.797238,3.407397,0.484937,9.415469,30.118635
