,shift,slide,rise,tilt,roll,twist
shift,2.452366,-0.319448,0.542536,-0.094886,-0.003034,0.050077
slide,-0.319448,6.026458,1.34522,0.019382,-0.030724,-0.20972
rise,0.542536,1.34522,11.41612,-0.381793,-0.146276,-0.215754
tilt,-0.094886,0.019382,-0.381793,0.058919,-0.003008,-0.002332
roll,-0.003034,-0.030724,-0.146276,-0.003008,0.026758,0.002903
twist,0.050077,-0.20972,-0.215754,-0.002332,0.002903,0.062489
avg,0.002419,-1.895804,3.288762,-0.832958,7.455965,29.853759
