,shift,slide,rise,tilt,roll,twist
shift,2.712437,-0.451865,0.372846,-0.102786,0.006768,0.055011
slide,-0.451865,6.195451,1.349192,0.04496,-0.02683,-0.219775
rise,0.372846,1.349192,11.255183,-0.374633,-0.133777,-0.194397
tilt,-0.102786,0.04496,-0.374633,0.06061,-0.002711,-0.003519
roll,0.006768,-0.02683,-0.133777,-0.002711,0.027395,0.001868
twist,0.055011,-0.219775,-0.194397,-0.003519,0.001868,0.068568
avg,-0.014282,-1.835408,3.406244,0.561987,8.698163,30.496065
