,shift,slide,rise,roll,twist,tilt
shift,1.783718,0.337777,0.633472,0.037823,0.018774,-0.143389
slide,0.337777,2.053322,2.035691,0.005994,-0.116966,-0.013459
rise,0.633472,2.035691,9.410104,-0.01421,-0.16923,-0.268091
roll,0.037823,0.005994,-0.01421,0.023625,0.006794,-0.00287
twist,0.018774,-0.116966,-0.16923,0.006794,0.036339,-0.000632
tilt,-0.143389,-0.013459,-0.268091,-0.00287,-0.000632,0.049681
avg,-0.016506,-0.926296,3.650325,0.135145,3.541372,37.038001
