,shift,slide,rise,tilt,roll,twist
shift,2.512372,-0.314045,0.560557,-0.100754,-0.01739,0.049406
slide,-0.314045,5.550404,0.858603,0.039874,-0.040141,-0.200332
rise,0.560557,0.858603,10.1673,-0.332625,-0.176993,-0.206688
tilt,-0.100754,0.039874,-0.332625,0.055001,-0.002463,-0.003476
roll,-0.01739,-0.040141,-0.176993,-0.002463,0.02699,0.00495
twist,0.049406,-0.200332,-0.206688,-0.003476,0.00495,0.063049
avg,0.089066,-1.841348,3.40923,0.273654,9.567937,30.207466
