,shift,slide,rise,roll,twist,tilt
shift,1.425193,-0.36257,-0.47296,0.009784,-0.075334,-0.04423
slide,-0.36257,4.221548,3.322639,0.031566,-0.119134,0.007882
rise,-0.47296,3.322639,12.181811,0.143222,-0.177006,-0.018831
roll,0.009784,0.031566,0.143222,0.025955,0.00787,-0.006031
twist,-0.075334,-0.119134,-0.177006,0.00787,0.041457,-0.004411
tilt,-0.04423,0.007882,-0.018831,-0.006031,-0.004411,0.046955
avg,0.047983,-0.52527,3.285728,0.477416,-2.121883,32.998496
