,shift,slide,rise,roll,twist,tilt
shift,1.85184,-0.206442,-0.213149,0.005982,-0.080366,-0.053931
slide,-0.206442,4.593227,3.604566,0.019715,-0.12288,0.063554
rise,-0.213149,3.604566,11.994524,0.106683,-0.201135,0.000504
roll,0.005982,0.019715,0.106683,0.030254,0.006092,-0.003886
twist,-0.080366,-0.12288,-0.201135,0.006092,0.04473,-0.006677
tilt,-0.053931,0.063554,0.000504,-0.003886,-0.006677,0.046397
avg,-0.193337,-0.760686,3.365554,-0.680013,-1.196647,33.272093
