,shift,slide,rise,tilt,roll,twist
shift,1.36198,-0.057111,0.022891,-0.014463,0.015973,0.023974
slide,-0.057111,3.216841,2.780358,0.068123,-0.063211,-0.216284
rise,0.022891,2.780358,13.358143,0.024835,-0.150624,-0.233005
tilt,-0.014463,0.068123,0.024835,0.035351,-0.002901,-0.003056
roll,0.015973,-0.063211,-0.150624,-0.002901,0.025915,0.005404
twist,0.023974,-0.216284,-0.233005,-0.003056,0.005404,0.060267
avg,0.107357,-1.724066,3.206432,-0.214577,5.721542,27.930783
