,shift,slide,rise,tilt,roll,twist
shift,1.374133,-0.124692,-0.021531,-0.024526,0.001262,0.017964
slide,-0.124692,3.27846,2.648632,0.061603,-0.060199,-0.225001
rise,-0.021531,2.648632,12.554266,0.013024,-0.191502,-0.265942
tilt,-0.024526,0.061603,0.013024,0.032359,-0.003101,-0.00233
roll,0.001262,-0.060199,-0.191502,-0.003101,0.026391,0.005144
twist,0.017964,-0.225001,-0.265942,-0.00233,0.005144,0.060334
avg,0.075632,-1.811441,3.268916,0.444379,6.346492,28.701297
