,shift,slide,rise,roll,twist,tilt
shift,0.616207,-0.314017,0.361489,-0.013589,-0.00598,-0.03941
slide,-0.314017,2.731102,0.772273,0.026267,-0.136453,-0.00715
rise,0.361489,0.772273,8.369379,-0.128113,-0.236799,-0.057552
roll,-0.013589,0.026267,-0.128113,0.01986,0.012858,0.000146
twist,-0.00598,-0.136453,-0.236799,0.012858,0.033484,-0.002076
tilt,-0.03941,-0.00715,-0.057552,0.000146,-0.002076,0.0274
avg,0.880407,0.100467,3.201603,3.434008,6.551792,34.140432
