,shift,slide,rise,roll,twist,tilt
shift,0.420784,0.09935,-0.096265,-0.000194,-0.001241,-0.04043
slide,0.09935,2.909236,0.758734,0.025207,-0.150449,0.009118
rise,-0.096265,0.758734,8.382702,-0.106862,-0.226638,0.017265
roll,-0.000194,0.025207,-0.106862,0.019515,0.012885,-0.000278
twist,-0.001241,-0.150449,-0.226638,0.012885,0.032005,0.000358
tilt,-0.04043,0.009118,0.017265,-0.000278,0.000358,0.027184
avg,-0.306902,-0.061424,3.147308,-0.18193,5.928708,32.326943
