,shift,slide,rise,roll,twist,tilt
shift,1.006141,-0.079384,-0.196779,0.001337,-0.010109,-0.07584
slide,-0.079384,3.110416,0.609577,0.024235,-0.12776,0.001201
rise,-0.196779,0.609577,8.773257,-0.125844,-0.230945,-0.056019
roll,0.001337,0.024235,-0.125844,0.018633,0.009909,0.000668
twist,-0.010109,-0.12776,-0.230945,0.009909,0.03223,-0.003728
tilt,-0.07584,0.001201,-0.056019,0.000668,-0.003728,0.030668
avg,0.974794,0.085954,3.208966,3.795333,7.69377,33.127854
