,shift,slide,rise,roll,twist,tilt
shift,0.826227,-0.206689,-0.204152,-0.006349,0.027924,-0.08569
slide,-0.206689,3.211918,0.72002,0.035415,-0.118732,0.002379
rise,-0.204152,0.72002,8.522769,-0.092293,-0.23099,-0.043236
roll,-0.006349,0.035415,-0.092293,0.018591,0.008904,0.000997
twist,0.027924,-0.118732,-0.23099,0.008904,0.028986,-0.002447
tilt,-0.08569,0.002379,-0.043236,0.000997,-0.002447,0.031172
avg,0.704649,-0.032455,3.237672,2.289514,6.186137,34.463715
