,shift,slide,rise,roll,twist,tilt
shift,0.807515,-0.116185,-0.195862,-0.004442,-0.008475,-0.060764
slide,-0.116185,3.38703,0.393462,0.018138,-0.136342,-0.013813
rise,-0.195862,0.393462,9.495675,-0.132152,-0.250174,-0.034636
roll,-0.004442,0.018138,-0.132152,0.021649,0.010424,0.001315
twist,-0.008475,-0.136342,-0.250174,0.010424,0.026654,-0.000691
tilt,-0.060764,-0.013813,-0.034636,0.001315,-0.000691,0.030515
avg,0.529597,0.0119,3.006054,1.082627,6.798574,29.738282
