,shift,slide,rise,roll,twist,tilt
shift,1.879047,-1.131967,-0.542746,-0.001436,-0.020019,-0.021323
slide,-1.131967,3.781806,1.190909,-0.055644,-0.129178,-0.010219
rise,-0.542746,1.190909,11.115346,-0.040046,-0.195144,0.246846
roll,-0.001436,-0.055644,-0.040046,0.021819,0.009958,-0.00276
twist,-0.020019,-0.129178,-0.195144,0.009958,0.045623,-0.006673
tilt,-0.021323,-0.010219,0.246846,-0.00276,-0.006673,0.047968
avg,1.030104,0.174918,3.239417,4.137987,0.374013,36.996948
