,shift,slide,rise,roll,twist,tilt
shift,1.650465,-0.978232,-0.6015,-0.010836,-0.034629,-0.031759
slide,-0.978232,3.487911,1.012103,-0.080359,-0.159259,-0.002498
rise,-0.6015,1.012103,11.772003,-0.014784,-0.210449,0.291163
roll,-0.010836,-0.080359,-0.014784,0.023353,0.011493,3.7e-05
twist,-0.034629,-0.159259,-0.210449,0.011493,0.034537,-0.00779
tilt,-0.031759,-0.002498,0.291163,3.7e-05,-0.00779,0.050793
avg,0.583734,-0.061952,3.181758,3.411098,0.130618,35.120262
