,shift,slide,rise,tilt,roll,twist
shift,2.179412,-0.228777,-0.149718,0.048405,0.00691,-0.007636
slide,-0.228777,4.692263,0.384279,0.013096,-0.051322,-0.072349
rise,-0.149718,0.384279,5.185876,-0.007377,-0.146016,-0.111874
tilt,0.048405,0.013096,-0.007377,0.025918,-0.000951,-0.000829
roll,0.00691,-0.051322,-0.146016,-0.000951,0.017377,0.003204
twist,-0.007636,-0.072349,-0.111874,-0.000829,0.003204,0.060877
avg,0.033261,-1.266714,3.332065,0.713679,14.418244,31.541629
