,shift,slide,rise,tilt,roll,twist
shift,2.02461,0.066161,-0.058021,0.05373,0.006753,0.001992
slide,0.066161,4.758816,0.702024,-0.012078,-0.063998,-0.08681
rise,-0.058021,0.702024,4.826503,0.005353,-0.117312,-0.1148
tilt,0.05373,-0.012078,0.005353,0.024865,0.000264,0.00067
roll,0.006753,-0.063998,-0.117312,0.000264,0.016706,0.003446
twist,0.001992,-0.08681,-0.1148,0.00067,0.003446,0.061738
avg,-0.016714,-1.312266,3.248703,-0.007389,13.148957,31.388519
