,shift,slide,rise,tilt,roll,twist
shift,1.737704,-0.465436,-0.046238,-0.000406,-0.015619,-0.004899
slide,-0.465436,4.674341,0.938467,0.055638,-0.063195,-0.119803
rise,-0.046238,0.938467,5.151421,0.014215,-0.144927,-0.118098
tilt,-0.000406,0.055638,0.014215,0.031434,-0.001945,-0.004095
roll,-0.015619,-0.063195,-0.144927,-0.001945,0.019199,0.002552
twist,-0.004899,-0.119803,-0.118098,-0.004095,0.002552,0.061571
avg,-0.014604,-1.333781,3.387814,0.289263,12.677779,31.962571
