,shift,slide,rise,tilt,roll,twist
shift,1.691483,-0.422533,0.088549,-0.008799,-0.023715,-0.017463
slide,-0.422533,4.796042,1.130712,0.040227,-0.075582,-0.140578
rise,0.088549,1.130712,5.024143,0.033689,-0.11378,-0.107472
tilt,-0.008799,0.040227,0.033689,0.032518,-0.001047,-0.002087
roll,-0.023715,-0.075582,-0.11378,-0.001047,0.018028,0.001984
twist,-0.017463,-0.140578,-0.107472,-0.002087,0.001984,0.062079
avg,-0.047764,-1.398255,3.356697,-0.585582,11.617445,32.045274
