,shift,slide,rise,tilt,roll,twist
shift,1.527585,-0.51226,-0.026081,-0.009922,-0.010396,0.002348
slide,-0.51226,4.8821,1.093114,0.058987,-0.069143,-0.136766
rise,-0.026081,1.093114,5.226338,0.045211,-0.09733,-0.100293
tilt,-0.009922,0.058987,0.045211,0.035332,-0.000336,-0.003504
roll,-0.010396,-0.069143,-0.09733,-0.000336,0.017857,6e-05
twist,0.002348,-0.136766,-0.100293,-0.003504,6e-05,0.064717
avg,-0.096164,-1.359527,3.295771,0.227928,10.306503,31.358358
