,shift,slide,rise,tilt,roll,twist
shift,1.597995,-8.8e-05,-0.300259,-0.000621,-0.016808,-0.022247
slide,-8.8e-05,3.486131,0.949927,0.000855,-0.007136,-0.177797
rise,-0.300259,0.949927,9.459489,0.281602,-0.21087,-0.213468
tilt,-0.000621,0.000855,0.281602,0.034553,-0.001872,-0.004122
roll,-0.016808,-0.007136,-0.21087,-0.001872,0.021062,0.007191
twist,-0.022247,-0.177797,-0.213468,-0.004122,0.007191,0.061601
avg,0.150774,-1.513018,3.218306,0.501979,8.372828,28.35228
