,shift,slide,rise,tilt,roll,twist
shift,1.620041,0.021533,-0.293379,0.005982,-0.011651,-0.015424
slide,0.021533,3.655485,1.04085,-0.000898,-0.013385,-0.188216
rise,-0.293379,1.04085,10.026874,0.31427,-0.191563,-0.199481
tilt,0.005982,-0.000898,0.31427,0.03768,-0.000825,-0.003768
roll,-0.011651,-0.013385,-0.191563,-0.000825,0.021279,0.006929
twist,-0.015424,-0.188216,-0.199481,-0.003768,0.006929,0.063939
avg,0.101784,-1.51252,3.190758,0.470137,7.644973,28.068208
