,shift,slide,rise,roll,twist,tilt
shift,1.392533,0.493512,-0.201182,-0.025593,0.064094,0.007241
slide,0.493512,2.852836,1.057436,-0.095385,-0.133005,0.012324
rise,-0.201182,1.057436,3.843731,-0.164597,-0.19604,0.022657
roll,-0.025593,-0.095385,-0.164597,0.020692,0.009947,0.007064
twist,0.064094,-0.133005,-0.19604,0.009947,0.035108,0.00851
tilt,0.007241,0.012324,0.022657,0.007064,0.00851,0.033596
avg,-0.409953,-0.107428,3.334257,-2.750807,2.363506,34.796522
