,shift,slide,rise,roll,twist,tilt
shift,1.978609,0.931017,0.343499,0.006934,0.060478,-0.028392
slide,0.931017,3.411908,0.836067,-0.09259,-0.170413,-0.005127
rise,0.343499,0.836067,10.815633,-0.002204,-0.144983,-0.280202
roll,0.006934,-0.09259,-0.002204,0.025476,0.006549,-0.000614
twist,0.060478,-0.170413,-0.144983,0.006549,0.032016,0.004763
tilt,-0.028392,-0.005127,-0.280202,-0.000614,0.004763,0.049093
avg,-0.330775,-0.30869,3.228466,-3.26494,-0.514035,32.51461
