,shift,slide,rise,roll,twist,tilt
shift,2.119159,1.307725,0.597272,0.001705,0.002827,-0.024817
slide,1.307725,3.846947,1.433926,-0.040519,-0.129529,-0.00321
rise,0.597272,1.433926,10.276723,-0.04204,-0.213762,-0.255983
roll,0.001705,-0.040519,-0.04204,0.022568,0.006665,0.002018
twist,0.002827,-0.129529,-0.213762,0.006665,0.048763,0.008045
tilt,-0.024817,-0.00321,-0.255983,0.002018,0.008045,0.049083
avg,-0.938258,-0.00214,3.331202,-4.088456,1.206893,37.915903
