,shift,slide,rise,roll,twist,tilt
shift,1.053213,0.459062,0.217837,-0.027672,0.018372,-0.03654
slide,0.459062,3.876016,2.847484,-0.008022,-0.114362,0.008835
rise,0.217837,2.847484,10.48134,0.070294,-0.188477,0.070884
roll,-0.027672,-0.008022,0.070294,0.022337,0.008666,0.005294
twist,0.018372,-0.114362,-0.188477,0.008666,0.035918,0.004181
tilt,-0.03654,0.008835,0.070884,0.005294,0.004181,0.043467
avg,-0.251558,-0.528858,3.314776,-1.505399,-0.767883,33.294804
