,shift,slide,rise,roll,twist,tilt
shift,0.976955,0.237252,0.363735,0.013038,0.033323,-0.035709
slide,0.237252,4.148293,3.12757,0.00502,-0.095341,-0.007397
rise,0.363735,3.12757,11.021008,0.079874,-0.214473,0.068847
roll,0.013038,0.00502,0.079874,0.023456,0.007323,0.004031
twist,0.033323,-0.095341,-0.214473,0.007323,0.029181,0.004576
tilt,-0.035709,-0.007397,0.068847,0.004031,0.004576,0.041726
avg,0.034046,-0.506754,3.26823,-0.773448,-0.504138,29.846814
