,shift,slide,rise,roll,twist,tilt
shift,1.103539,0.085405,0.172919,0.014699,0.088661,-0.04115
slide,0.085405,2.448769,1.735981,-0.058796,-0.101327,-0.001306
rise,0.172919,1.735981,10.260582,-0.07824,-0.218711,-0.278902
roll,0.014699,-0.058796,-0.07824,0.020778,0.010353,0.004266
twist,0.088661,-0.101327,-0.218711,0.010353,0.036291,0.007713
tilt,-0.04115,-0.001306,-0.278902,0.004266,0.007713,0.04982
avg,-0.10995,-0.368113,3.281227,-1.68068,2.72433,32.282767
