,shift,slide,rise,roll,twist,tilt
shift,1.070084,0.310296,0.223795,0.027615,0.07574,-0.036358
slide,0.310296,2.664177,1.701193,-0.057576,-0.122728,-0.009388
rise,0.223795,1.701193,11.02876,-0.018169,-0.205936,-0.279486
roll,0.027615,-0.057576,-0.018169,0.021491,0.009032,0.0018
twist,0.07574,-0.122728,-0.205936,0.009032,0.034563,0.007728
tilt,-0.036358,-0.009388,-0.279486,0.0018,0.007728,0.050369
avg,-0.280264,-0.290131,3.176009,-2.675477,1.49076,32.639061
