,shift,slide,rise,roll,twist,tilt
shift,1.322091,-0.02255,0.176458,0.007641,-0.004874,0.010491
slide,-0.02255,4.573798,2.877898,-0.061168,-0.088774,0.004207
rise,0.176458,2.877898,10.900181,0.045357,-0.177604,0.013583
roll,0.007641,-0.061168,0.045357,0.028583,0.013539,-0.000386
twist,-0.004874,-0.088774,-0.177604,0.013539,0.039879,0.001263
tilt,0.010491,0.004207,0.013583,-0.000386,0.001263,0.044594
avg,-0.147704,-0.749839,3.222601,-0.199101,-0.578817,29.618958
