,shift,slide,rise,roll,twist,tilt
shift,1.054851,0.046792,-0.05915,-0.003084,0.003343,0.024428
slide,0.046792,4.774353,3.074123,-0.064845,-0.081133,0.007827
rise,-0.05915,3.074123,11.612878,0.056199,-0.173009,0.00697
roll,-0.003084,-0.064845,0.056199,0.02828,0.014014,-0.000591
twist,0.003343,-0.081133,-0.173009,0.014014,0.037668,0.000285
tilt,0.024428,0.007827,0.00697,-0.000591,0.000285,0.043492
avg,0.000507,-0.657194,3.156912,-0.029954,0.233184,28.637737
