,shift,slide,rise,roll,twist,tilt
shift,0.836783,-0.120212,0.390451,0.007103,0.002347,-0.064617
slide,-0.120212,2.827933,0.585061,0.013627,-0.109743,0.012952
rise,0.390451,0.585061,8.684489,-0.144958,-0.243186,0.001292
roll,0.007103,0.013627,-0.144958,0.020633,0.011526,-0.001178
twist,0.002347,-0.109743,-0.243186,0.011526,0.023927,0.001283
tilt,-0.064617,0.012952,0.001292,-0.001178,0.001283,0.029355
avg,-0.317524,0.040639,3.062598,-0.27957,8.541517,28.841858
