,shift,slide,rise,roll,twist,tilt
shift,1.048943,-0.075057,-0.066538,0.015548,0.001556,-0.112268
slide,-0.075057,3.154561,0.475294,0.000867,-0.137684,0.00682
rise,-0.066538,0.475294,8.623618,-0.124933,-0.271593,-0.013711
roll,0.015548,0.000867,-0.124933,0.020349,0.009431,-0.000304
twist,0.001556,-0.137684,-0.271593,0.009431,0.026196,-0.000484
tilt,-0.112268,0.00682,-0.013711,-0.000304,-0.000484,0.031386
avg,0.100429,0.086576,3.077873,0.324174,7.42132,29.790587
