,shift,slide,rise,roll,twist,tilt
shift,1.071372,-0.129247,-0.318448,-0.027262,-0.04978,-0.044833
slide,-0.129247,2.384542,1.84958,-0.056377,-0.094132,0.025812
rise,-0.318448,1.84958,10.721331,-0.076984,-0.269724,0.272704
roll,-0.027262,-0.056377,-0.076984,0.021827,0.008862,-0.003943
twist,-0.04978,-0.094132,-0.269724,0.008862,0.027506,-0.01054
tilt,-0.044833,0.025812,0.272704,-0.003943,-0.01054,0.046256
avg,0.222561,-0.270351,3.212492,1.738054,3.174739,30.960221
