,shift,slide,rise,roll,twist,tilt
shift,1.272758,0.478473,0.768879,0.023658,0.014347,-0.101687
slide,0.478473,2.623597,1.389355,-0.045112,-0.126946,0.003787
rise,0.768879,1.389355,10.786176,-0.023001,-0.178792,-0.343071
roll,0.023658,-0.045112,-0.023001,0.022384,0.010648,-0.004
twist,0.014347,-0.126946,-0.178792,0.010648,0.02774,0.001647
tilt,-0.101687,0.003787,-0.343071,-0.004,0.001647,0.048181
avg,-0.64307,0.039814,3.324587,-1.634945,2.593975,34.393915
