,shift,slide,rise,roll,twist,tilt
shift,1.571445,0.762947,0.567685,0.037793,0.007753,-0.09115
slide,0.762947,3.293499,1.374588,-0.045619,-0.158301,0.022968
rise,0.567685,1.374588,11.520738,-0.016523,-0.149406,-0.328399
roll,0.037793,-0.045619,-0.016523,0.02431,0.009291,-0.003273
twist,0.007753,-0.158301,-0.149406,0.009291,0.032197,-0.001545
tilt,-0.09115,0.022968,-0.328399,-0.003273,-0.001545,0.048505
avg,-0.93763,0.181894,3.317281,-3.887386,1.646991,37.129941
