,shift,slide,rise,roll,twist,tilt
shift,1.642189,0.771288,0.43681,0.021826,-0.058177,-0.08223
slide,0.771288,2.694052,1.239261,-0.037144,-0.123258,0.03552
rise,0.43681,1.239261,10.927899,-0.018449,-0.13631,-0.336949
roll,0.021826,-0.037144,-0.018449,0.022326,0.011027,-0.002379
twist,-0.058177,-0.123258,-0.13631,0.011027,0.039232,-0.002317
tilt,-0.08223,0.03552,-0.336949,-0.002379,-0.002317,0.04786
avg,-0.650714,0.063816,3.365421,-2.677935,1.082362,38.546883
