,shift,slide,rise,roll,twist,tilt
shift,1.32306,0.174853,0.048555,0.007189,-0.017963,-0.12974
slide,0.174853,3.429251,2.724103,0.068476,-0.107742,-0.001171
rise,0.048555,2.724103,11.408727,0.130671,-0.235654,0.000299
roll,0.007189,0.068476,0.130671,0.025738,0.006912,0.000251
twist,-0.017963,-0.107742,-0.235654,0.006912,0.036752,-0.000104
tilt,-0.12974,-0.001171,0.000299,0.000251,-0.000104,0.043629
avg,-0.281927,-0.26074,3.37037,-1.100488,-0.781746,34.545642
