,shift,slide,rise,roll,twist,tilt
shift,2.167832,0.857339,-0.156405,0.014862,-0.066326,-0.120739
slide,0.857339,3.347109,2.849217,0.050728,-0.101319,0.025259
rise,-0.156405,2.849217,11.547668,0.108571,-0.221251,-0.018213
roll,0.014862,0.050728,0.108571,0.026001,0.005879,2e-06
twist,-0.066326,-0.101319,-0.221251,0.005879,0.042265,-0.002932
tilt,-0.120739,0.025259,-0.018213,2e-06,-0.002932,0.046012
avg,-0.571912,-0.416662,3.423254,-2.670085,-0.136892,35.174137
