,shift,slide,rise,roll,twist,tilt
shift,1.128259,0.186169,0.505599,0.047867,0.045831,-0.135005
slide,0.186169,2.035143,1.887387,-0.015729,-0.10577,-0.029261
rise,0.505599,1.887387,10.855292,-0.029796,-0.217128,-0.344635
roll,0.047867,-0.015729,-0.029796,0.020151,0.008173,-0.002926
twist,0.045831,-0.10577,-0.217128,0.008173,0.026407,0.001782
tilt,-0.135005,-0.029261,-0.344635,-0.002926,0.001782,0.052369
avg,-0.269605,-0.236736,3.346154,-0.405477,4.738236,32.398629
