,shift,slide,rise,roll,twist,tilt
shift,1.670368,0.614266,0.526227,0.023712,0.016767,-0.13257
slide,0.614266,2.265715,1.635725,-0.007978,-0.088437,0.022343
rise,0.526227,1.635725,11.706188,-0.015528,-0.193552,-0.352719
roll,0.023712,-0.007978,-0.015528,0.02182,0.007645,-0.002242
twist,0.016767,-0.088437,-0.193552,0.007645,0.0351,0.001846
tilt,-0.13257,0.022343,-0.352719,-0.002242,0.001846,0.056882
avg,-0.650993,-0.138404,3.383029,-2.054939,3.661096,36.21157
