,shift,slide,rise,roll,twist,tilt
shift,1.103752,0.134587,0.516481,0.033965,0.028024,-0.132209
slide,0.134587,2.256317,1.421399,0.001106,-0.117923,0.006942
rise,0.516481,1.421399,11.62117,-0.001986,-0.222056,-0.348148
roll,0.033965,0.001106,-0.001986,0.019418,0.005055,-0.003444
twist,0.028024,-0.117923,-0.222056,0.005055,0.029087,0.002751
tilt,-0.132209,0.006942,-0.348148,-0.003444,0.002751,0.053623
avg,-0.378308,-0.102386,3.313912,-1.055975,2.304133,34.792054
