,shift,slide,rise,roll,twist,tilt
shift,1.07909,0.255201,-0.13813,0.005752,-0.030377,-0.017924
slide,0.255201,4.785934,3.266909,0.023472,-0.113822,0.008216
rise,-0.13813,3.266909,12.044455,0.112452,-0.208529,-0.04221
roll,0.005752,0.023472,0.112452,0.028217,0.012591,-0.005565
twist,-0.030377,-0.113822,-0.208529,0.012591,0.042678,-0.004052
tilt,-0.017924,0.008216,-0.04221,-0.005565,-0.004052,0.044705
avg,-0.637497,-0.415115,3.168384,-0.100672,0.092462,30.084195
