,shift,slide,rise,roll,twist,tilt
shift,1.207321,0.126217,-0.389535,-0.013118,-0.038001,-0.028682
slide,0.126217,4.009575,3.168668,0.03279,-0.087297,0.049817
rise,-0.389535,3.168668,11.684135,0.125759,-0.179249,-0.027819
roll,-0.013118,0.03279,0.125759,0.024548,0.007864,-0.005993
twist,-0.038001,-0.087297,-0.179249,0.007864,0.035804,-0.006407
tilt,-0.028682,0.049817,-0.027819,-0.005993,-0.006407,0.042635
avg,-0.534226,-0.529895,3.241007,0.182704,-1.484297,31.107836
