,shift,slide,rise,roll,twist,tilt
shift,0.469104,0.130635,-0.424546,0.01977,0.024474,-0.015386
slide,0.130635,2.446941,0.860085,0.008072,-0.135006,-0.008704
rise,-0.424546,0.860085,6.420202,-0.061052,-0.132106,0.112403
roll,0.01977,0.008072,-0.061052,0.016299,0.009317,-0.004775
twist,0.024474,-0.135006,-0.132106,0.009317,0.022819,-0.00418
tilt,-0.015386,-0.008704,0.112403,-0.004775,-0.00418,0.016153
avg,-0.515883,0.116172,3.125558,0.138321,8.557352,31.31838
