,shift,slide,rise,roll,twist,tilt
shift,0.540179,0.137499,-0.016193,-0.001141,0.017523,-0.035569
slide,0.137499,2.965352,0.578092,0.013273,-0.164457,-0.002812
rise,-0.016193,0.578092,9.015054,-0.141804,-0.247176,0.017466
roll,-0.001141,0.013273,-0.141804,0.020709,0.014529,-0.000267
twist,0.017523,-0.164457,-0.247176,0.014529,0.033187,0.001457
tilt,-0.035569,-0.002812,0.017466,-0.000267,0.001457,0.027113
avg,-0.657037,0.204599,3.090844,-2.583176,6.009857,32.493896
