,shift,slide,rise,roll,twist,tilt
shift,0.867696,0.096819,-0.394036,0.010968,0.022097,-0.059586
slide,0.096819,2.934961,0.656807,0.021512,-0.119551,-0.013524
rise,-0.394036,0.656807,8.829913,-0.13722,-0.247975,-0.00047
roll,0.010968,0.021512,-0.13722,0.022325,0.011931,0.00047
twist,0.022097,-0.119551,-0.247975,0.011931,0.025882,-0.000166
tilt,-0.059586,-0.013524,-0.00047,0.00047,-0.000166,0.030473
avg,0.047319,-0.046568,3.052557,-1.355197,8.058414,28.777344
