,shift,slide,rise,roll,twist,tilt
shift,0.865126,0.088235,-0.400079,0.009656,0.024275,-0.084812
slide,0.088235,2.31843,1.159491,0.008981,-0.112001,0.006137
rise,-0.400079,1.159491,7.297601,-0.072884,-0.20891,0.012994
roll,0.009656,0.008981,-0.072884,0.015754,0.006865,0.001575
twist,0.024275,-0.112001,-0.20891,0.006865,0.02125,-0.000474
tilt,-0.084812,0.006137,0.012994,0.001575,-0.000474,0.028848
avg,0.239112,-0.056041,3.318869,-1.439634,7.12725,34.130592
