,shift,slide,rise,tilt,roll,twist
shift,1.653528,-0.120422,0.149737,-0.007663,0.015872,0.025435
slide,-0.120422,3.86059,0.787653,0.036225,-0.016323,-0.155895
rise,0.149737,0.787653,8.917864,-0.266906,-0.215749,-0.183738
tilt,-0.007663,0.036225,-0.266906,0.034559,0.001446,0.000794
roll,0.015872,-0.016323,-0.215749,0.001446,0.020482,0.007307
twist,0.025435,-0.155895,-0.183738,0.000794,0.007307,0.061057
avg,-0.075143,-1.518715,3.36775,0.104379,9.997774,28.911675
