,shift,slide,rise,tilt,roll,twist
shift,1.652652,0.022705,0.221503,0.003624,0.007691,0.033189
slide,0.022705,3.947882,0.935291,0.020048,-0.001457,-0.166511
rise,0.221503,0.935291,10.059394,-0.270253,-0.23606,-0.227454
tilt,0.003624,0.020048,-0.270253,0.03455,0.002591,0.003897
roll,0.007691,-0.001457,-0.23606,0.002591,0.022543,0.006553
twist,0.033189,-0.166511,-0.227454,0.003897,0.006553,0.051165
avg,-0.126484,-1.431251,3.219486,-0.973694,7.840342,29.155878
