,shift,slide,rise,tilt,roll,twist
shift,1.484953,-0.013951,0.345646,-0.004575,-0.000943,0.026174
slide,-0.013951,3.38855,0.700615,0.007402,-0.013423,-0.169768
rise,0.345646,0.700615,9.047222,-0.26591,-0.24358,-0.216177
tilt,-0.004575,0.007402,-0.26591,0.031538,0.00203,0.002844
roll,-0.000943,-0.013423,-0.24358,0.00203,0.022687,0.008252
twist,0.026174,-0.169768,-0.216177,0.002844,0.008252,0.051651
avg,-0.045553,-1.442361,3.269247,0.146595,9.487053,28.304031
