,shift,slide,rise,tilt,roll,twist
shift,1.472714,0.155667,-0.034001,-0.01132,-0.01048,-0.014054
slide,0.155667,3.186666,2.877215,-0.048168,-0.066489,-0.209325
rise,-0.034001,2.877215,12.897977,0.004304,-0.192562,-0.257119
tilt,-0.01132,-0.048168,0.004304,0.032398,0.003242,0.002166
roll,-0.01048,-0.066489,-0.192562,0.003242,0.025549,0.00482
twist,-0.014054,-0.209325,-0.257119,0.002166,0.00482,0.060572
avg,-0.110881,-1.658014,3.208132,0.198206,5.656983,28.342386
