,shift,slide,rise,tilt,roll,twist
shift,1.549486,0.203039,-0.03643,-0.023132,0.003383,-0.004781
slide,0.203039,3.138439,2.623173,-0.040412,-0.080287,-0.187017
rise,-0.03643,2.623173,11.648301,0.009222,-0.21502,-0.206893
tilt,-0.023132,-0.040412,0.009222,0.033574,0.003759,0.002402
roll,0.003383,-0.080287,-0.21502,0.003759,0.026029,0.005275
twist,-0.004781,-0.187017,-0.206893,0.002402,0.005275,0.058874
avg,-0.065044,-1.61388,3.28303,-0.376243,7.295602,28.755223
