,shift,slide,rise,tilt,roll,twist
shift,1.642874,-0.206464,0.008865,-0.037326,-0.004969,0.029894
slide,-0.206464,4.499427,0.85417,0.03837,-0.028193,-0.196082
rise,0.008865,0.85417,9.192368,-0.264552,-0.192143,-0.186891
tilt,-0.037326,0.03837,-0.264552,0.039832,0.001208,-0.000881
roll,-0.004969,-0.028193,-0.192143,0.001208,0.022517,0.0031
twist,0.029894,-0.196082,-0.186891,-0.000881,0.0031,0.062757
avg,-0.021691,-1.61625,3.35764,-0.323249,9.315183,29.721304
