,shift,slide,rise,tilt,roll,twist
shift,1.631904,-0.168415,-0.079756,-0.044386,0.012107,0.036428
slide,-0.168415,4.817898,1.123083,0.034701,-0.019188,-0.206545
rise,-0.079756,1.123083,10.551998,-0.283889,-0.164091,-0.188258
tilt,-0.044386,0.034701,-0.283889,0.041101,0.002326,0.000269
roll,0.012107,-0.019188,-0.164091,0.002326,0.021738,0.00093
twist,0.036428,-0.206545,-0.188258,0.000269,0.00093,0.066544
avg,-0.13944,-1.614003,3.246719,-0.783534,8.453001,29.312523
