,shift,slide,rise,tilt,roll,twist
shift,1.185765,0.011303,0.019003,0.020185,0.002917,0.000716
slide,0.011303,3.773051,3.320959,-0.006061,-0.075877,-0.151197
rise,0.019003,3.320959,12.236533,0.008836,-0.24635,-0.209106
tilt,0.020185,-0.006061,0.008836,0.026177,0.000292,-7.1e-05
roll,0.002917,-0.075877,-0.24635,0.000292,0.024918,0.005263
twist,0.000716,-0.151197,-0.209106,-7.1e-05,0.005263,0.059741
avg,0.005271,-1.342287,3.110173,-0.040147,6.679598,27.700132
