,shift,slide,rise,tilt,roll,twist
shift,1.129019,0.090247,-0.004328,0.002193,0.005392,0.001143
slide,0.090247,3.491017,3.11262,-0.004926,-0.069483,-0.185358
rise,-0.004328,3.11262,12.325308,-0.006057,-0.198226,-0.19307
tilt,0.002193,-0.004926,-0.006057,0.02838,-0.000348,0.000899
roll,0.005392,-0.069483,-0.198226,-0.000348,0.023922,0.004843
twist,0.001143,-0.185358,-0.19307,0.000899,0.004843,0.061825
avg,0.10449,-1.498501,3.154756,0.02522,6.648722,27.99433
