,shift,slide,rise,tilt,roll,twist
shift,1.632,0.321369,-0.07061,-0.020984,0.017738,-0.010257
slide,0.321369,4.875697,0.937491,-0.039638,-0.068908,-0.139006
rise,-0.07061,0.937491,4.780967,-0.031727,-0.128771,-0.070244
tilt,-0.020984,-0.039638,-0.031727,0.030798,0.000506,0.000958
roll,0.017738,-0.068908,-0.128771,0.000506,0.017668,0.000187
twist,-0.010257,-0.139006,-0.070244,0.000958,0.000187,0.057177
avg,0.05854,-1.402137,3.625655,0.843301,14.05606,32.814583
