,shift,slide,rise,tilt,roll,twist
shift,1.176837,-0.00855,-0.005949,-0.061973,0.004205,0.000388
slide,-0.00855,4.200935,1.51192,-0.001443,-0.058052,-0.207976
rise,-0.005949,1.51192,4.291427,0.003337,-0.099303,-0.081399
tilt,-0.061973,-0.001443,0.003337,0.031602,0.000283,0.000603
roll,0.004205,-0.058052,-0.099303,0.000283,0.016635,-0.003736
twist,0.000388,-0.207976,-0.081399,0.000603,-0.003736,0.059081
avg,-0.015752,-1.558421,3.645586,0.038765,11.806807,32.536115
