,shift,slide,rise,tilt,roll,twist
shift,1.457368,0.28306,-0.129924,-0.038797,0.00611,-0.039033
slide,0.28306,4.594509,0.768757,-0.056654,-0.031073,-0.213803
rise,-0.129924,0.768757,9.422248,0.26957,-0.180747,-0.168361
tilt,-0.038797,-0.056654,0.26957,0.040359,-0.000837,0.002818
roll,0.00611,-0.031073,-0.180747,-0.000837,0.022069,0.003158
twist,-0.039033,-0.213803,-0.168361,0.002818,0.003158,0.065449
avg,0.057251,-1.620994,3.355747,0.520804,9.866742,29.786948
