,shift,slide,rise,tilt,roll,twist
shift,1.76565,-0.287739,0.534911,-0.038774,0.023702,0.02918
slide,-0.287739,4.080864,0.84927,0.016517,0.006023,-0.181407
rise,0.534911,0.84927,9.763124,-0.339652,-0.203684,-0.185098
tilt,-0.038774,0.016517,-0.339652,0.045747,-0.002018,-0.000325
roll,0.023702,0.006023,-0.203684,-0.002018,0.023196,0.006755
twist,0.02918,-0.181407,-0.185098,-0.000325,0.006755,0.064653
avg,0.05775,-1.544274,3.310266,0.220896,8.482928,29.590345
