,shift,slide,rise,tilt,roll,twist
shift,1.491914,-0.094347,0.637749,-0.026479,0.021841,0.020745
slide,-0.094347,3.734211,1.174401,-0.00623,-0.000998,-0.188709
rise,0.637749,1.174401,9.978053,-0.332932,-0.18709,-0.20364
tilt,-0.026479,-0.00623,-0.332932,0.042501,-0.002148,0.002809
roll,0.021841,-0.000998,-0.18709,-0.002148,0.023425,0.006966
twist,0.020745,-0.188709,-0.20364,0.002809,0.006966,0.057491
avg,0.106432,-1.514591,3.146752,-0.676965,6.728562,29.114605
