,shift,slide,rise,tilt,roll,twist
shift,1.652846,-0.184554,0.759783,-0.042949,-0.002233,0.029093
slide,-0.184554,3.923051,0.68266,0.011707,0.001747,-0.184181
rise,0.759783,0.68266,9.329914,-0.320937,-0.224066,-0.220004
tilt,-0.042949,0.011707,-0.320937,0.041523,-0.001762,0.001062
roll,-0.002233,0.001747,-0.224066,-0.001762,0.024638,0.009016
twist,0.029093,-0.184181,-0.220004,0.001062,0.009016,0.064371
avg,0.169592,-1.484614,3.286018,0.158808,8.939597,29.683901
