,shift,slide,rise,tilt,roll,twist
shift,2.409927,-0.01302,0.048327,-0.040402,0.001736,-0.000168
slide,-0.01302,3.41359,3.138508,-0.00188,-0.084644,-0.171744
rise,0.048327,3.138508,15.077593,-0.009083,-0.16254,-0.225316
tilt,-0.040402,-0.00188,-0.009083,0.040976,-0.000201,-2.8e-05
roll,0.001736,-0.084644,-0.16254,-0.000201,0.029003,0.006261
twist,-0.000168,-0.171744,-0.225316,-2.8e-05,0.006261,0.061234
avg,-0.019137,-1.56258,3.170978,0.035285,5.05499,28.728711
