,shift,slide,rise,tilt,roll,twist
shift,2.508249,0.055572,0.046649,-0.044124,-0.013805,-0.006159
slide,0.055572,3.551608,3.096559,0.014368,-0.06117,-0.200203
rise,0.046649,3.096559,14.827586,0.015201,-0.139667,-0.246301
tilt,-0.044124,0.014368,0.015201,0.040203,0.00012,-1.2e-05
roll,-0.013805,-0.06117,-0.139667,0.00012,0.030838,0.005896
twist,-0.006159,-0.200203,-0.246301,-1.2e-05,0.005896,0.060219
avg,0.034752,-1.721771,3.215027,-0.382388,4.128286,28.96447
