,shift,slide,rise,tilt,roll,twist
shift,2.513333,-0.41431,0.424608,-0.098906,0.00397,0.038641
slide,-0.41431,5.364589,0.772006,0.045599,-0.033208,-0.195174
rise,0.424608,0.772006,10.259392,-0.353554,-0.172121,-0.168592
tilt,-0.098906,0.045599,-0.353554,0.056672,-0.002317,-0.004086
roll,0.00397,-0.033208,-0.172121,-0.002317,0.025761,0.003625
twist,0.038641,-0.195174,-0.168592,-0.004086,0.003625,0.062745
avg,0.049984,-1.779226,3.44575,0.709115,10.163634,30.474561
