,shift,slide,rise,tilt,roll,twist
shift,2.432699,-0.144085,0.600083,-0.097641,-0.016559,0.025582
slide,-0.144085,5.16862,0.899326,0.018019,-0.029847,-0.178685
rise,0.600083,0.899326,11.163426,-0.356824,-0.172824,-0.222343
tilt,-0.097641,0.018019,-0.356824,0.055599,-0.002355,-0.001996
roll,-0.016559,-0.029847,-0.172824,-0.002355,0.026689,0.005357
twist,0.025582,-0.178685,-0.222343,-0.001996,0.005357,0.060697
avg,0.045289,-1.784503,3.272426,-0.597408,8.683432,29.850675
