,shift,slide,rise,tilt,roll,twist
shift,2.514104,-0.389425,0.367208,-0.095602,0.008144,0.036805
slide,-0.389425,5.783084,1.270826,0.025166,-0.030862,-0.213722
rise,0.367208,1.270826,11.549878,-0.38766,-0.119537,-0.179212
tilt,-0.095602,0.025166,-0.38766,0.0598,-0.002664,-0.002386
roll,0.008144,-0.030862,-0.119537,-0.002664,0.025885,0.001117
twist,0.036805,-0.213722,-0.179212,-0.002386,0.001117,0.065736
avg,0.052622,-1.800427,3.350322,0.248948,8.523725,30.066477
