,shift,slide,rise,tilt,roll,twist
shift,1.45275,-0.096571,0.004887,-0.009608,0.007977,0.00181
slide,-0.096571,3.177411,2.897237,0.043459,-0.082049,-0.157374
rise,0.004887,2.897237,12.671804,-0.019888,-0.211561,-0.202186
tilt,-0.009608,0.043459,-0.019888,0.03361,-0.003722,-0.001843
roll,0.007977,-0.082049,-0.211561,-0.003722,0.025558,0.00496
twist,0.00181,-0.157374,-0.202186,-0.001843,0.00496,0.057735
avg,0.121826,-1.515818,3.207848,0.120706,6.76039,28.458112
