,shift,slide,rise,tilt,roll,twist
shift,1.34868,-0.043599,0.083038,-0.018293,0.007363,-0.001257
slide,-0.043599,3.209444,2.710643,0.041059,-0.078367,-0.179143
rise,0.083038,2.710643,12.640817,-0.017908,-0.199208,-0.205524
tilt,-0.018293,0.041059,-0.017908,0.034552,-0.003448,-0.001189
roll,0.007363,-0.078367,-0.199208,-0.003448,0.025735,0.006238
twist,-0.001257,-0.179143,-0.205524,-0.001189,0.006238,0.057792
avg,0.170686,-1.606371,3.248221,0.304102,7.390265,28.750577
