,shift,slide,rise,tilt,roll,twist
shift,2.056615,-0.033376,-0.108105,0.031365,0.006896,0.005152
slide,-0.033376,4.829569,0.441989,0.007066,-0.064798,-0.086614
rise,-0.108105,0.441989,4.790481,-0.005626,-0.136917,-0.061269
tilt,0.031365,0.007066,-0.005626,0.026675,-8e-05,0.000291
roll,0.006896,-0.064798,-0.136917,-8e-05,0.016395,0.001161
twist,0.005152,-0.086614,-0.061269,0.000291,0.001161,0.057988
avg,-0.016662,-1.332769,3.535113,0.726868,15.453571,31.950387
