,shift,slide,rise,tilt,roll,twist
shift,2.086859,-0.017015,0.056201,0.042772,-0.003241,0.007814
slide,-0.017015,5.179095,0.444992,0.008746,-0.063169,-0.106896
rise,0.056201,0.444992,5.396103,0.015597,-0.133537,-0.081631
tilt,0.042772,0.008746,0.015597,0.028858,0.000799,-0.000459
roll,-0.003241,-0.063169,-0.133537,0.000799,0.016652,0.001362
twist,0.007814,-0.106896,-0.081631,-0.000459,0.001362,0.060536
avg,-0.042115,-1.338441,3.39885,0.081439,13.87362,31.797569
