,shift,slide,rise,tilt,roll,twist
shift,1.501992,-0.290042,-0.189157,-0.020535,0.005099,0.014512
slide,-0.290042,4.77721,1.152889,0.030686,-0.068089,-0.152188
rise,-0.189157,1.152889,4.980305,0.05652,-0.110817,-0.087505
tilt,-0.020535,0.030686,0.05652,0.033695,0.001038,-0.000619
roll,0.005099,-0.068089,-0.110817,0.001038,0.01786,-0.00089
twist,0.014512,-0.152188,-0.087505,-0.000619,-0.00089,0.062322
avg,-0.073437,-1.395552,3.460963,-0.822705,11.678612,31.979792
