,shift,slide,rise,tilt,roll,twist
shift,1.697383,-0.252732,-0.0813,-0.017956,-0.021175,-0.001379
slide,-0.252732,4.818576,0.888193,0.030308,-0.063654,-0.121105
rise,-0.0813,0.888193,5.033426,0.029732,-0.136461,-0.10319
tilt,-0.017956,0.030308,0.029732,0.029922,-0.00092,-0.002108
roll,-0.021175,-0.063654,-0.136461,-0.00092,0.017345,0.001409
twist,-0.001379,-0.121105,-0.10319,-0.002108,0.001409,0.05985
avg,0.058704,-1.36755,3.539919,-0.771801,14.599683,32.366079
